price,sales,profit_margin,inventory,revenue
218.5430535,40,16.89924312,105,3949.165238
477.8214379,7,19.41888821,192,-3521.002258
379.3972738,32,27.05884194,59,14285.56022
319.3963179,48,11.75811426,45,12261.0737
120.2083882,19,41.98101938,35,-4588.255733
120.1975342,6,45.62943159,185,9136.301617
76.13762548,20,15.84152132,165,4128.412805
439.7792656,27,32.43400733,10,9516.966398
320.5017553,43,16.12124583,11,8882.539029
368.63266,37,14.27639179,169,8946.637741
59.26302243,48,47.50169626,38,1201.731751
486.4594335,7,14.66140948,198,1782.770514
424.5991884,5,32.06723779,138,-1043.264316
145.5525998,11,29.58270044,35,1003.510254
131.8212352,15,24.93629956,51,-1415.105421
132.5320294,3,12.94469573,30,1398.516925
186.9090093,5,49.23535622,32,603.6743864
286.1403942,23,30.92626127,140,2242.935315
244.3752584,37,22.4911183,145,8595.562315
181.0531131,9,21.09172169,168,4191.031416
325.3338026,15,22.29870274,57,-7173.239162
112.7722373,3,44.62259482,183,3196.398404
181.4650918,29,38.02417647,151,-1044.709669
214.8628295,6,35.65137898,127,-1176.481119
255.2314929,17,17.82251169,30,-10139.13042
403.3291826,26,38.8496051,54,10454.45168
139.853202,21,41.57180145,9,-853.9161998
281.4054973,8,11.70207924,187,-281.0040997
316.586556,21,49.6454686,129,7091.019256
70.90268572,11,10.08716577,14,-9150.835909
323.3951834,38,22.92714805,2,10164.65677
126.7358557,8,16.86122802,42,4032.952493
79.27321684,42,38.21522415,158,3747.744772
476.9984918,24,49.42738889,197,7128.460236
484.5344149,35,20.48521926,66,15333.36742
413.7788067,14,16.63421612,55,4254.880381
187.0761961,14,20.38095472,62,6379.848368
93.9524513,10,44.28598851,14,7104.438995
357.9048619,12,19.86288311,108,1221.715009
248.0686222,38,19.24308872,115,8313.359959
104.9172057,44,23.65837937,91,286.6430254
272.8296096,46,19.35536269,137,13864.7328
65.4748345,34,16.16314241,165,4361.671546
459.1941809,41,25.45583543,46,12366.99445
166.4509917,10,46.45581144,56,4207.972705
348.135028,17,30.49488761,49,5613.495147
190.2699842,17,46.89402661,70,2868.091036
284.0306095,3,33.69827876,142,-3633.489373
296.0196257,31,33.71574043,145,9457.812111
133.184505,1,47.35960623,81,-2776.278422
486.3130825,12,36.04717864,115,9350.783462
398.8097705,39,45.56007605,104,7131.087513
472.7745237,4,17.6705916,87,3215.587718
452.6723077,42,12.09247896,1,15884.63338
319.0549905,13,47.10734099,103,4736.892708
464.8434058,34,11.79539171,83,12645.56475
89.82162592,42,29.09693603,42,-860.8870164
138.1922881,21,38.01737288,153,7660.836637
70.35228001,22,46.92551699,70,-2917.21756
196.3986488,4,29.97502928,165,3806.273207
224.9047804,18,18.21937822,93,-5044.485258
172.1070643,5,21.71654091,41,-618.6064821
422.9318791,19,47.99095954,132,13546.46435
210.538997,2,47.08392659,138,-1038.177118
176.4205294,12,33.88506869,64,2495.540318
294.2132374,17,38.18838024,33,12964.18791
113.4159012,10,40.70462708,119,372.0315388
410.9886413,34,38.75982004,0,12716.51233
83.54778966,6,17.86069027,129,3497.517513
494.0991215,8,12.83087785,147,-3213.388677
397.5101462,11,33.79589222,60,1912.074475
139.4220567,12,13.75555991,148,1959.565084
52.48495271,9,37.14017195,87,-7621.761556
416.9576428,2,30.94252055,67,7483.586849
368.0858047,8,40.95884009,126,6614.064717
378.0532256,11,24.38095831,139,6069.066796
397.071656,36,10.84075539,21,18011.57888
83.32009328,10,25.86027616,147,4225.084329
211.3095778,21,35.68743664,81,2692.766548
102.1410768,20,24.08730216,128,-6386.182651
438.3965416,48,45.08317286,29,12684.2659
330.4841571,8,14.45363679,125,-691.3137203
198.9041112,36,29.87664197,96,9135.566491
78.60125763,29,32.02601032,23,2111.963177
189.9420448,42,26.56540846,13,-1836.674691
196.3324949,12,25.00864549,35,6005.858578
378.3227803,14,47.12896775,196,10833.81468
336.9008621,48,22.69531115,23,22540.96345
449.2457342,21,40.32273279,187,3727.123687
262.4967163,22,21.4418947,94,6552.201441
103.8174107,21,17.09860822,54,-3187.673544
370.9601543,44,17.8416597,23,24841.68273
392.3532719,30,27.8999613,151,11483.15683
302.5747389,39,29.19320431,181,7874.232695
396.935231,20,44.28496155,25,3347.469841
272.2080184,24,18.98615398,193,6256.68761
285.2297732,23,39.14362478,79,7645.951952
242.3934583,7,30.13218309,165,-6947.510551
61.43860703,9,38.62903628,64,7435.005785
98.55114215,1,44.64686548,74,2423.967319
64.14313356,26,24.81769212,178,8291.662842
336.3846851,38,47.82671861,162,18037.26455
191.4601915,38,20.05419063,42,4714.102582
278.856811,44,37.29652819,28,13131.50961
458.4049133,22,49.99461228,164,6052.029339
162.1815031,44,29.55483443,80,4628.999014
234.6723154,10,48.12592366,185,10087.61432
389.9980123,6,38.95321769,53,-1397.105224
152.9591745,17,21.7209405,38,3500.430438
84.64095942,38,47.49241514,41,-1500.598247
180.3881538,24,16.42646031,155,608.2776641
122.5495793,10,49.84720309,28,-1499.939799
468.3639436,8,40.12704523,170,10182.65777
413.6541708,21,20.36383775,130,10705.89813
335.0316904,6,37.34919401,137,5813.914884
442.1572656,21,45.92430448,186,-1710.588992
411.6524346,39,35.59064325,141,13537.17567
133.9565265,24,39.18426854,174,430.9556556
451.6515493,33,16.29152391,41,16869.81975
292.7040089,18,37.4660833,93,17021.34303
413.3480698,28,18.44270113,159,-1867.420403
453.241085,32,14.32511421,31,15949.61882
193.1015637,12,32.64730322,169,12947.4772
99.52336604,48,13.60227425,159,1657.220097
152.5708231,42,34.90727784,25,6610.065057
242.1985049,27,11.43686334,114,9588.721917
418.1066447,10,46.42841902,128,-7019.008686
437.3287625,46,22.51922934,55,17778.9268
53.12845874,42,30.24743838,121,-2124.369703
279.8362862,32,34.49404778,105,18754.04096
237.8349514,42,24.69152485,129,8577.862181
149.9485147,26,21.84571633,80,315.7590999
103.9394153,25,49.82546921,157,6821.957171
201.9268271,11,43.32187645,119,4074.989487
474.3093668,23,21.47815797,198,15241.2246
195.4413194,34,23.34458346,51,14739.43371
283.4557798,40,11.35809979,90,5446.163949
366.3585315,23,19.55848839,136,16773.54752
213.6333211,29,11.96909169,21,14771.69235
487.3019372,31,21.89837994,33,6902.786684
483.1012827,7,38.07791165,109,-822.754221
163.3020331,40,45.78540311,48,5808.557964
273.7618277,33,18.72704547,128,5969.001474
185.3952394,21,24.23403114,72,11465.19921
178.1782225,2,48.0725595,83,-4000.47357
66.59912631,18,35.59798136,52,2101.228756
324.3039503,47,11.72800738,99,9263.526772
276.2055605,33,29.98395417,123,8213.869265
73.16543806,37,32.69083456,167,12603.71227
175.3909089,34,31.69201579,44,13569.83888
458.7196487,20,41.64469104,195,10071.31123
157.8028508,35,35.25171317,136,8654.806253
115.2026924,18,35.20746976,104,4041.559884
270.2537421,46,47.90579919,149,8286.399599
493.5427043,24,19.29729486,145,19115.13437
158.9248722,8,33.33982272,105,7499.990344
352.4609963,30,17.11280453,42,9008.221054
392.7288269,44,15.98607996,166,13869.08599
156.9368948,10,41.52023781,133,779.9854935
377.6973569,23,23.70586071,47,9140.250969
215.5024097,49,31.10872783,125,8200.933931
334.5376238,11,14.79373048,6,8706.563363
335.0883698,2,41.37037283,196,2957.117013
291.0986078,26,22.88747199,15,1735.354027
90.63039652,36,25.68991511,128,-2757.917188
425.886123,33,38.1879409,114,17838.86943
194.3510292,47,44.53596385,36,1982.004787
133.9333297,13,23.93440958,164,-85.80655359
68.3488137,40,20.45610167,124,256.4033808
315.9018244,25,37.37490625,80,937.4831861
354.9039628,4,24.20669584,191,2720.605623
57.46452302,42,34.1947637,61,1746.151735
280.4418762,19,21.47172467,71,813.0759206
151.9230988,18,42.031389,188,12699.18398
340.3277557,37,14.39139989,124,-2096.676695
128.4648931,30,38.50361614,160,-1275.782966
360.9219821,19,35.28856049,65,3374.121249
224.0309058,23,47.67632192,29,-2366.28211
471.5284949,16,45.53951151,19,16669.68777
111.8844249,1,29.36552389,187,11322.93426
203.479858,12,39.29629293,81,-1690.766214
101.0630846,24,16.58079097,106,8226.1812
466.1121282,34,49.41226445,151,17995.65726
444.802709,8,34.83623805,131,11770.10237
166.0737325,18,36.50617813,36,1935.257913
346.9928207,48,49.22689476,131,17025.8136
417.7499901,5,45.02526404,76,8928.871253
299.8403652,26,33.454293,88,12155.95553
288.3427603,30,30.28541662,145,8456.07804
158.8335309,13,33.82841011,87,-2844.407753
91.89624551,19,28.76249286,193,-2515.986713
453.7470911,29,26.194733,175,571.9398808
455.1881257,3,49.60304715,32,5155.910232
334.8956558,26,31.43619362,57,7593.465234
202.563406,40,11.46003036,27,7480.815975
207.1443086,12,29.23870879,34,2043.767495
376.6800555,2,22.8983093,124,-4978.412009
453.699617,11,37.52544568,137,6551.408861
449.1888909,44,19.04034487,64,19687.81197
400.9439956,28,19.08314072,41,5726.734755
338.9142408,18,29.14815809,84,4133.82635
87.86298425,13,10.95944707,136,-2364.203308
122.7329213,37,44.97799141,187,2426.296174
454.3493848,22,49.3220934,110,1454.197877
322.8930768,12,19.19367153,14,1501.824545
54.13867323,2,17.71377851,184,8234.871171
95.66219429,37,45.19171084,68,853.6800826
348.5757961,7,39.37668668,104,-1510.558443
52.27771273,26,49.29790547,149,-1885.614358
122.3636231,26,38.26765557,63,1778.763959
296.9302052,24,19.07432504,40,14740.20586
361.352839,12,29.28157889,70,10183.7046
343.3825668,16,36.07617627,55,4086.265293
150.9211893,23,35.1304282,150,-558.6217065
370.4806496,40,49.94585497,24,4821.348483
156.7620894,9,38.0079789,104,-3441.149417
196.4298642,32,24.14165033,133,-3589.931623
385.9211323,15,11.03222225,118,7975.904865
342.3348046,37,16.11756692,161,19228.7288
432.1505347,13,49.05620141,190,2540.535222
345.9258015,5,14.05757581,8,3625.099655
305.7388715,11,18.67206347,59,-2350.43595
92.15364552,10,18.78495506,124,-8915.350481
215.4721114,13,31.68016964,48,2726.617187
169.3410655,41,34.07978828,50,8460.119878
159.7953395,46,37.88337085,187,15134.33395
487.8547496,15,47.37220564,69,16036.1708
226.8939761,42,40.87058546,36,6223.391428
451.4209498,7,40.1358546,30,7652.441458
334.0123817,40,30.63691721,168,11940.59357
407.6650866,28,20.10222374,61,11244.32916
276.1866919,32,31.04760686,92,7211.076184
309.6067481,35,47.68622202,185,9266.058523
271.6329622,15,11.68840796,13,2846.510502
137.8593445,48,12.29102724,163,14381.53463
375.1034519,36,18.59241827,163,10586.43578
176.3475631,21,10.34688394,78,12068.50213
60.94218489,6,28.22070669,7,-4152.43615
340.4625332,1,11.48926599,153,-13851.64189
129.6998057,4,46.97579838,35,-1935.199848
473.206363,11,35.37277007,47,31.51575378
479.2678597,44,40.98474928,84,8997.340073
461.6889756,26,42.16667663,27,15201.2488
216.5714151,37,44.36788204,195,-860.9054927
56.95547744,23,25.10345434,189,3933.504858
467.7433532,29,18.74712577,50,22830.50862
242.6828667,21,26.86806402,103,-1942.667079
484.9946686,48,44.12149162,169,20701.90123
483.6289897,45,17.5550492,100,23676.46542
433.854255,45,24.56181171,28,13430.84591
182.5020014,49,34.47337175,126,8568.614125
223.2939779,27,23.03478818,81,8261.949254
433.0115022,39,39.60380083,9,14519.486
192.6149023,40,36.19231166,105,3259.545868
126.271736,13,13.30056627,166,-2312.651552
300.5605681,23,38.37981977,0,798.483661
471.2696484,16,31.20046927,38,9139.936226
363.2134085,30,14.3943545,20,4455.556522
306.5275265,4,21.69114599,64,7170.835784
93.7294222,40,47.51187095,14,11669.6508
326.753252,16,44.10787823,131,-643.4469865
495.5242325,31,49.68633637,187,18810.70871
113.0378069,42,24.76312839,60,13749.5357
283.2483436,25,32.09306298,147,1272.328267
444.8178824,44,44.62900596,137,21599.50151
383.345878,12,11.68263516,86,6688.629911
363.6570834,26,28.81361104,104,12039.47789
366.1178378,37,40.32426824,33,9131.800919
211.771018,48,29.97585715,123,18495.70772
182.1163299,33,22.81518669,109,1778.032608
414.21252,28,46.95043128,175,14417.01427
414.5510276,9,39.0118474,32,2945.224816
440.1825434,12,17.72138036,97,7463.909742
460.9582487,5,31.61340518,60,-2636.910544
280.1040795,28,28.13691432,9,1384.373945
275.6823326,35,32.68735991,181,8872.405674
409.2328305,5,48.24400229,83,198.8288642
342.4837688,34,43.37000881,64,6374.336734
365.8850948,46,32.17833445,76,19118.42958
408.1067012,34,41.63258138,0,3075.262282
450.5024038,13,48.00083885,132,10312.11295
202.0978206,39,16.25401344,79,6254.022458
219.0123287,42,10.75229883,14,10618.81268
92.29187293,45,18.27428504,27,6431.60528
310.2260634,48,15.84860313,22,16315.35393
66.17402321,14,40.32091479,108,-5184.400372
259.5191082,11,11.57492098,106,8558.855161
294.1900856,42,42.12297182,144,13637.99475
178.9435635,38,11.94280759,112,2651.916582
315.8749673,4,10.20722824,97,427.0080444
63.72511247,33,21.53108777,140,3529.578989
66.80668494,7,10.75425073,141,1238.739959
420.1702523,41,27.21840882,138,16775.78713
212.0857886,8,39.61832867,27,9611.988387
107.1772307,37,32.52016457,41,-2153.855557
285.009467,10,26.25756258,98,6501.985984
396.4970989,43,47.07673752,60,14670.71832
147.1194624,15,25.10626942,122,7278.525533
330.3007141,38,10.75288653,63,17204.43993
88.40635925,15,42.39569401,30,1954.997464
73.25677453,5,18.29619535,80,3420.644358
289.1095842,29,13.68404825,9,12308.44465
293.2858047,19,12.25193629,7,10482.72102
336.8434557,10,11.59457582,148,9502.206177
376.7411002,12,29.14161445,58,2469.021559
489.1334358,4,10.90768368,177,-911.6113043
282.3351567,31,19.70759171,196,2379.623475
195.3304128,18,43.53314255,197,2163.236478
407.8337876,16,30.92399574,29,5785.851769
171.8745131,40,21.26675299,144,5148.136369
247.5371393,36,40.10638737,19,9250.217755
85.3053716,25,24.37539266,47,4300.795326
61.40783454,23,23.33598084,129,1039.565696
483.1917866,12,43.49201025,36,6684.01242
426.1910542,34,27.3965875,128,15591.44476
363.1883927,36,19.13492356,131,7002.370645
234.028825,37,30.04417342,99,12307.70559
127.982444,3,49.51587533,53,-2744.51562
120.3966692,9,49.63846124,121,7964.095482
162.6093042,18,35.71882624,24,3674.848741
297.1519991,43,12.95223726,130,11603.01155
371.5681652,35,40.85292882,8,2470.020617
347.0888195,34,24.62545245,33,13047.82473
175.9702536,41,41.11696517,42,7360.693888
479.6893763,14,37.13320041,73,7230.508162
382.0536125,4,16.07831642,93,931.9913852
299.4593236,29,20.84554231,21,9319.974175
325.2743358,41,46.18402891,69,14526.5293
238.8200281,45,32.85191916,129,11033.67288
161.4789453,15,48.83320945,93,8413.877149
210.1877054,28,30.76439414,193,2063.519548
391.0307497,42,23.50263953,31,9225.122097
56.47706988,16,45.25989506,105,2775.898376
102.2326882,12,38.44460244,143,4412.270947
70.70118891,5,34.08653498,0,2850.46071
68.32796104,34,13.21875901,71,-4673.838697
434.9572628,42,10.26979938,175,7620.771501
366.6460367,1,48.20354804,49,-569.9937611
263.3782231,39,19.55968306,140,-1661.720156
94.02537229,32,35.13103734,14,3447.096962
271.2271438,26,34.30167255,52,5921.474237
263.0622969,17,19.82940107,171,-188.655493
127.9408415,48,13.26294271,7,3074.672463
245.2332422,27,11.96285622,73,5197.78549
229.3271305,24,26.91509656,45,-2893.389521
327.1325441,35,35.71515363,68,7207.681619
335.7921429,46,18.49803657,113,12793.97857
70.3868044,42,39.95994467,146,1229.320576
218.5756766,39,27.43703885,165,5470.684958
331.6369621,26,35.65686154,122,14332.97265
276.4113164,49,23.73475705,138,14364.2245
435.4204285,38,40.38404348,116,9935.842154
346.4121342,23,42.33628217,42,888.3259838
123.3204922,22,13.27043653,19,408.0325341
81.75593633,4,45.92785268,147,6455.055876
339.0886752,49,29.76168369,20,3547.193944
61.93008974,9,41.16588868,81,922.7029496
313.5990116,4,48.44280147,56,-361.920016
473.1036086,7,48.55924727,177,8357.10361
308.96338,23,42.99112912,73,11065.38179
224.6764668,2,15.32918582,97,-6914.889445
339.4796983,49,38.70085024,153,21626.4313
256.2138007,24,11.98163318,157,-6037.524631
295.5275552,40,26.73510828,109,11338.58123
473.6591639,31,32.53543241,114,17013.08774
223.746187,47,26.79644661,158,17904.59553
482.5357537,31,29.33206459,41,13136.54331
457.4077889,47,19.64894985,67,16280.12096
138.1060107,40,38.70015736,188,124.7782481
81.21258539,48,35.87798434,188,11013.82496
95.35010062,43,14.2362279,69,12201.00695
58.19982154,34,12.14173947,77,-326.4578197
92.49933234,24,14.2976709,195,2318.515132
357.353048,49,33.22208024,89,20099.97326
82.03489181,26,18.78537988,110,5890.01404
193.5390336,16,30.94657067,111,1441.857831
430.1938899,47,30.09840591,102,11583.13683
60.47237108,13,41.81279564,144,-3547.192034
416.5108172,15,26.35478787,18,10434.00009
176.8346486,27,42.55456409,178,2731.782338
103.1741724,4,36.73741204,69,-1711.621144
363.5317244,16,15.79879194,62,7826.634331
333.0242811,30,41.71696763,74,8429.200182
444.8624061,44,47.15366859,157,21470.23947
380.7819697,30,47.2396963,152,6624.656231
411.5664187,36,12.36861918,103,12693.68007
176.9155577,3,29.72318248,74,-3199.857628
129.8477947,22,33.62351713,127,6056.370633
387.7766382,49,17.56485676,198,19418.59446
413.0756327,22,16.56696288,153,9198.227524
495.7273139,49,36.71235868,55,13706.09233
235.6779546,12,22.2552777,21,5608.177955
217.4081386,21,19.15508737,88,4921.48388
399.3858323,4,23.81397253,18,5015.316455
203.3615931,31,43.93619701,158,6837.207157
468.8407965,44,14.96467666,25,21566.95229
436.2857383,31,28.43621789,169,2443.917525
243.0473123,23,38.70110295,168,11019.22328
387.8919805,20,32.99087258,22,295.2611539
389.5442933,15,48.49715638,46,10451.28534
96.40574098,23,44.88532795,12,1571.55885
456.148808,28,19.37812998,65,2548.263513
277.3635676,16,49.99953461,193,2805.113787
421.9058597,37,33.33736686,143,6261.913902
194.0223205,21,29.09959276,72,8415.104772
452.9854528,15,47.8146232,155,2668.86544
225.1407554,17,11.07687348,76,-1965.822753
54.87694317,37,40.95498675,162,4942.389122
457.4218894,13,37.83205121,168,5552.371445
91.07900455,19,37.84229951,30,3892.902902
193.6911369,30,40.78333352,84,4226.072516
477.5278852,45,49.94104712,159,20915.21218
477.7732161,18,20.82620824,181,4950.381744
308.0470497,14,11.32618001,199,-4645.955519
334.3267455,36,41.02826067,58,3676.517025
251.8004849,36,23.47811233,40,10301.29515
181.9448473,20,20.32414692,111,66.50420396
197.8990454,19,16.06298484,193,9691.40441
352.6333052,45,33.09483212,95,7790.776713
388.5685382,44,37.88276377,181,20956.69825
406.2105697,7,36.98819464,167,-84.90232066
405.3281643,44,21.49514668,121,21469.29757
91.04274637,4,17.32882134,155,2785.429924
272.4891371,34,42.73544129,164,7975.800684
75.90144201,2,35.16235967,104,3448.496849
297.287997,5,13.92239213,192,7197.39375
248.6887256,10,17.73225921,73,1856.199244
449.4668822,32,10.60566389,182,1170.192615
207.9117556,42,19.83006961,131,13794.29387
102.6801574,41,34.27219196,98,2375.450333
114.3462569,13,26.37448664,125,14099.53209
392.6797843,39,23.55942983,137,9789.661715
328.1981285,5,46.86176735,174,-535.4703329
95.50520426,10,28.22012164,74,4535.053367
87.84806275,10,21.62716686,13,4605.75011
365.4361092,38,43.30714784,37,12136.97489
82.74335286,27,18.7747313,139,-960.0415161
419.8370267,21,26.64908878,44,1937.148889
367.8090022,8,11.91112857,144,-1017.776095
86.60695129,1,48.30310807,162,-7516.63607
88.17697134,28,39.3869545,193,12074.5845
493.9878103,49,25.93784483,74,15454.74882
218.4218581,39,38.13760351,168,6761.709896
216.7889662,14,21.42303344,194,6095.97021
415.7598053,21,19.6397887,28,7502.501731
476.2618598,30,45.89936144,17,7486.339099
493.7004787,21,29.44582143,19,8396.808534
389.0201834,49,29.64437778,13,10567.36466
219.3168135,9,35.22876919,161,414.2935459
87.57532251,17,12.6830055,176,3006.589714
399.7161122,5,16.89974721,53,-3189.77151
301.2819124,31,22.11162472,30,12223.53238
240.8999042,40,21.42693457,57,7307.747871
457.8594733,38,31.53135425,103,9465.077223
100.038867,43,13.16021916,169,2706.626726
271.6812969,19,22.21618291,185,10733.30367
55.10914015,36,20.84075753,127,5686.866296
260.8972889,33,15.53236385,157,9743.6755
75.33647406,13,39.03713643,24,-2041.664021
103.4680623,14,17.71716385,190,4193.698097
102.886811,33,42.19037588,18,2944.101555
342.144636,29,36.18632191,199,17025.57418
385.7201957,43,36.57558183,135,16227.76745
312.5159443,49,10.85898126,2,22949.7056
482.9776468,36,15.73851105,194,15754.80603
218.6917608,44,21.95320554,85,2723.665047
178.5704388,10,20.91772954,144,18189.79161
440.8696077,31,27.51708822,141,4796.880602
150.6181273,6,12.11637332,8,-9225.106271
483.4501427,1,30.14964988,189,-10035.10437
55.46951361,7,34.77929161,93,13971.70063
486.445472,27,43.47858652,148,20279.9987
69.42196038,21,18.55177391,164,2005.311816
451.0144012,28,20.62224272,138,12198.01225
287.4654991,16,34.62579846,19,5279.227189
496.8341583,46,48.99226344,34,9554.587185
83.20845413,23,16.44010689,52,9030.275135
299.234428,20,49.54328066,174,11535.60869
486.186141,38,21.85200881,109,9416.665069
285.3940299,25,11.18971561,179,8710.867303
333.2293872,28,32.49354687,135,6750.073974
363.08691,5,40.6010638,3,753.1597291
254.5434791,21,21.8051596,154,1479.814363
332.401136,18,17.31487432,171,5410.971366
312.9414404,47,28.14278736,167,10414.03946
455.5211047,6,11.31858899,101,8002.545388
70.45087115,29,47.93325113,46,1344.957278
176.4334353,19,29.80817607,93,-528.5259483
477.6851678,33,21.26184211,171,13464.55157
450.6187028,1,15.49438115,47,-303.1704941
255.0455388,45,42.82977552,90,8399.548615
329.059669,3,17.99986073,179,4140.317441
174.8215323,42,27.89171697,83,4531.593726
134.6545219,21,34.13785272,67,-662.3732267
258.6642822,35,44.73139886,138,-207.9304769
209.0085026,41,15.38816964,124,6306.36465
312.6452503,40,43.70907167,72,16203.68249
84.98058663,3,37.60848563,3,-380.5219182
488.4776634,25,38.39817872,75,7366.669464
493.794835,45,15.14343863,72,15060.92188
364.1727713,38,23.09188023,76,2241.807504
291.2433649,45,18.13274411,47,15713.30391
189.2874273,20,39.98128405,153,5365.730249
416.2077589,44,25.00503602,101,17510.33452
358.1290276,45,27.13016067,105,17062.37662
123.1776227,34,16.68678493,76,121.5234011
459.917233,21,13.75651758,38,7325.045943
420.1417593,48,49.51372914,57,12215.03987
477.409961,23,23.03920324,18,6182.888646
376.5737788,6,47.92656804,87,-256.9767344
326.0368382,13,28.0456534,112,8871.31549
238.2093663,49,38.49469084,76,19236.26811
469.7278175,23,37.72893602,76,3387.279033
439.7287503,9,35.88165986,185,2123.476447
70.34840155,17,25.14830204,27,2056.175147
61.86513852,2,36.63800137,65,-4803.244949
219.4085151,19,20.69203798,9,4165.513128
414.7489989,19,33.81890458,125,8084.471564
494.2742582,7,47.26587199,57,2629.056768
117.687601,42,18.6496063,141,7851.200955
317.3588219,42,38.56966702,124,10106.13412
221.4008855,20,32.68932482,111,-10578.94692
486.461479,9,22.58224467,83,-1708.159368
428.9535154,17,36.70175371,142,13838.02657
427.2479171,27,47.73657375,95,12473.64511
260.9119219,47,35.04315812,32,-3641.090413
236.6687761,2,12.22205669,144,-7094.614183
173.0331824,36,24.33062411,151,9041.989228
75.36897349,19,23.14083405,157,-1572.296131
439.1250693,17,24.70871385,189,-6405.128878
415.8054541,5,42.04031444,140,7199.99736
499.872953,39,33.26664544,189,21750.22386
498.4865767,18,19.96240807,46,2850.196854
299.9442675,7,45.9450841,111,8305.353291
396.0443368,17,38.88588896,143,1528.532969
475.1445784,39,38.94723566,193,11187.45233
432.3413258,36,32.7192429,42,10891.17524
161.3066458,40,10.78525036,7,-4828.308519
252.7448609,45,47.29989813,2,11021.72927
108.1217368,4,29.25196022,124,2935.972195
479.3229623,38,42.82541272,11,14845.53429
322.7785855,25,11.17293818,83,9719.023757
152.8892625,5,45.46785981,15,-7382.011073
352.265308,30,33.85595991,77,12853.00689
328.1577082,12,20.48460061,58,5312.823056
211.1732231,4,21.81782288,176,-2706.321258
101.1009165,24,33.09085452,62,3958.619019
352.207938,29,36.13903328,189,4526.359912
284.1384654,9,34.09550486,48,7517.660648
397.5432763,4,39.42894947,50,4171.255368
284.0735755,24,41.78668245,32,6987.419509
433.4816751,14,30.6784121,29,3295.887232
298.3580774,5,39.25864976,186,5256.294572
302.4220872,18,38.5015334,75,10498.01133
444.4941212,42,23.72975746,14,26310.51165
231.5672898,19,11.25850673,81,1638.631902
110.3068528,12,25.85451198,91,5312.711794
62.95220434,18,46.92082132,22,7927.430424
389.8117651,17,46.97665545,93,3607.202011
329.1392981,30,11.94307117,44,14393.96663
366.8358956,24,38.10836839,61,8303.008623
145.8338727,11,46.31732056,198,-3506.927645
111.367164,35,26.03821651,14,-277.8762101
56.54509955,23,25.05404887,45,-6191.518779
207.7644015,17,24.0598072,63,2978.091111
315.4629591,1,39.30391889,173,-495.9657796
226.5098203,15,49.39557263,183,4055.656182
246.8637149,32,11.39938522,171,12879.56746
456.8714125,9,39.96427817,74,3596.398349
206.7149602,15,22.95894848,156,1009.758602
281.2952701,28,21.7348052,189,6123.750603
402.6438557,24,25.59970332,51,-77.44692804
228.444252,35,37.48370423,181,10367.42116
329.9390151,22,39.15614985,87,5519.82411
438.0636689,27,26.09326869,56,12172.22082
477.2842806,19,15.35617466,82,7746.153132
116.1830664,45,12.13065084,65,5575.112317
466.9644313,12,45.76376782,149,-1146.168
271.4523319,20,43.8068555,19,4867.395554
166.2099747,1,12.21054965,32,-2902.05046
256.6110903,21,20.53859087,71,4740.244015
491.0146589,49,14.68024701,24,14455.25988
271.6781423,45,41.89469463,45,13311.23648
197.9382246,1,26.49656516,72,285.7556544
335.0303844,10,21.95441622,97,-3150.357098
158.0655285,47,22.79552458,56,11045.65205
84.13849765,32,33.67393237,86,-269.8996768
107.9958749,39,49.38420433,132,2219.312085
107.6206275,22,26.68295773,54,5815.842185
118.3562121,18,39.87593843,60,7182.432629
112.4722277,48,31.98983015,88,2520.243045
338.3936352,46,11.6967594,7,15437.49135
131.846038,32,34.03858729,15,6930.035431
205.5502775,27,16.40793573,175,10612.75644
453.5547845,28,42.45837577,115,12068.54244
263.2827381,18,23.10158008,60,6786.705568
350.4009823,39,10.91972182,14,6956.149217
127.543942,49,45.92427597,192,-1603.11552
136.5300585,29,49.66720231,149,5942.050278
68.39087732,18,32.65668829,130,-3027.155707
126.0207784,44,46.29498068,101,778.2698403
175.3656526,8,20.06462601,53,4594.653456
129.6547179,31,13.41805345,13,2534.114559
89.91614019,34,32.63916109,35,3925.090226
104.286142,7,39.65153431,104,-5705.141539
257.3504456,36,32.62386724,81,2598.516002
142.8501733,18,21.06208729,66,10482.14732
213.9214375,38,49.63783354,9,3718.157931
276.5377719,9,26.42184042,48,1295.560579
360.6776729,9,25.4683326,110,3822.014071
67.69046293,46,24.49247012,64,-2517.671882
409.7346795,8,40.3191168,56,9089.960445
332.5551753,35,21.43789106,26,9222.373132
86.79156438,18,46.34434055,112,316.09677
443.1103808,5,42.02918654,132,7279.155633
464.3925802,14,14.90119813,70,10308.75172
77.48508193,28,20.45107397,82,11656.80878
174.5949417,30,49.45017784,56,1729.715255
412.7905759,4,40.06494959,119,12328.55249
386.7168607,39,41.42374068,92,18034.14031
133.0344587,20,39.16774688,14,10589.54915
144.2071955,25,40.09760919,110,8525.260073
216.7124463,28,47.49894817,100,1438.215657
268.0353433,12,31.64237934,118,-1595.376963
328.2146472,2,20.69066101,75,-8424.99309
216.0111378,43,25.73073101,157,-1579.313578
258.1406223,14,23.08513326,19,-312.8402048
386.3619222,22,46.75403286,164,12837.48758
66.5074413,31,11.94037159,130,-646.8108926
163.596625,23,16.46032665,72,43.12575204
371.0073136,48,17.79638726,121,18315.66553
452.843077,20,17.0806478,40,4726.465711
280.254849,38,12.69157967,166,19588.39649
289.4510684,4,28.22984136,153,-194.3570749
98.2274051,15,41.98871929,129,6044.897898
251.3355651,24,25.32865569,22,4105.160304
289.6777699,25,20.28474025,22,5209.101771
159.1117266,1,20.48330427,143,5763.389321
171.1594539,7,29.14203903,8,2322.835391
219.7778734,31,47.26165123,12,13207.83615
59.032039,12,35.15548246,155,-3313.579152
194.9356245,42,13.16933566,154,1338.04543
145.1516031,5,26.62204361,50,-8221.241913
197.3738085,44,28.46672227,63,13810.93541
103.8929593,42,39.24585942,51,7569.517614
450.7372763,38,35.2620432,37,13641.32529
317.1166041,12,14.18615643,99,4605.119274
355.5960436,39,23.3414781,192,18779.6003
405.1270574,18,18.50451893,145,5347.418596
274.2989895,2,31.82618308,190,-8290.961868
89.11412964,10,24.79011122,50,-8068.767436
291.6979438,15,40.06465565,136,-2126.868328
314.0785031,30,21.78156679,140,7603.662655
385.4477634,44,32.89594665,167,8569.917535
244.2467958,17,32.29817941,54,8282.392925
107.4111363,4,24.02710702,108,-5964.235953
177.6991576,7,12.54877514,170,-2392.109415
213.3870334,41,47.43974614,43,-2173.745862
340.6627586,31,17.01027051,109,6315.22321
306.8502371,39,38.30467558,195,9430.947639
210.2435267,34,32.24322182,160,12056.15432
493.931862,6,49.12346685,151,3475.997021
322.5986687,38,37.95815689,163,12591.58041
156.7520563,45,29.89475029,127,10893.99935
95.80211268,34,47.75295691,104,5068.32975
118.7866126,44,30.35617082,9,-500.5429608
160.6809778,15,12.91557485,99,3771.681576
122.306618,14,45.78427128,147,9064.211683
133.9551608,6,19.42237088,108,-968.0687444
178.2928259,37,33.61315786,107,7523.189854
128.0181179,32,23.79305142,139,5587.526996
453.5444411,3,39.59053608,189,-857.3994576
86.10518555,3,43.6203095,145,4902.616204
286.0301253,22,43.58149543,93,3696.749326
234.6785721,22,47.18032217,62,7416.921722
492.0703776,10,42.5741318,83,3633.914756
100.417506,3,23.4312246,24,480.6357235
229.0350196,12,14.73237553,11,7087.032094
486.261695,29,17.43497258,148,3585.318276
439.4782067,48,22.59462761,24,21677.14793
417.6824319,17,45.58272546,10,10264.40677
166.0562722,7,38.43250215,63,-2008.099294
126.8994143,13,37.60772499,125,1345.337003
350.889449,2,40.00172214,49,-4305.268564
468.2191951,4,29.39977361,189,-2404.727685
300.5433019,10,28.5778474,88,4313.437582
307.2257103,39,35.72456099,98,21720.60223
175.9905921,24,35.84843365,115,6875.530116
396.2718199,17,16.85777608,95,1838.111965
134.1696869,6,18.42828607,176,4645.805255
195.6556564,19,37.68816673,13,6244.362619
241.4463974,5,13.44846225,0,-7434.525164
278.4246704,32,11.88739932,24,6358.438257
159.0843796,10,36.93029832,186,624.4542795
101.6765711,9,35.82300205,71,1266.14404
324.7790191,27,29.77463386,68,6803.175428
179.883749,13,12.3551675,132,2999.043289
311.5571996,19,14.94722267,104,981.482644
119.4632219,21,45.8972815,146,560.8641873
266.5130458,24,34.29077027,22,4691.833999
289.6652446,38,27.86515241,8,16715.12525
73.32059157,4,29.8747011,117,-3265.042586
201.4719252,24,42.24547728,93,3584.575452
110.4866046,35,15.64732915,177,1123.333316
78.51873671,3,22.92236868,143,8162.25117
495.4821046,4,16.48366501,32,4728.233786
195.0592302,37,15.64942883,129,1241.220961
414.4435006,40,20.06576585,13,14909.66633
164.5882946,48,32.43157595,0,2580.279892
356.676225,35,25.5781298,89,10557.86763
392.102537,31,43.58538376,185,15925.16793
318.0374333,44,23.0541833,88,1470.723012
262.2092848,25,42.82986977,143,526.4051155
235.3284114,40,22.24201638,89,8154.908721
206.9907199,13,40.81607357,174,706.0640522
468.2881149,4,45.29794799,171,2609.944408
423.7787335,46,43.38862039,13,14121.40913
484.2621098,14,49.92031459,151,-2350.168938
105.9337506,13,21.25041529,110,4442.304887
378.8903638,27,20.70395804,182,2264.219601
472.2532056,6,29.402666,142,3243.035266
131.5548798,17,43.54548796,82,-108.067137
79.92332032,36,46.6578265,71,14704.73585
383.5042922,40,49.23484134,161,14056.69613
308.5129009,49,43.37007292,129,13257.86074
428.8229495,35,14.3657786,26,17495.46496
112.8975695,17,40.33852633,73,3212.045202
407.8702903,41,35.82914691,98,14750.83348
140.732294,2,45.78618062,71,-4735.228894
123.6451743,13,41.10554781,22,583.2995661
123.9196091,2,29.23101717,67,-9090.106167
416.5586241,28,25.68989268,141,13001.36918
349.3387493,43,40.18590743,190,25973.21241
285.3794411,26,47.69071363,116,7710.860316
211.4737179,22,34.35868523,105,6049.712334
444.7402434,47,40.63186516,92,7967.443129
226.6002983,43,41.21784307,64,2778.630279
417.4697478,3,11.60548789,67,5517.359964
247.6107089,35,25.34798056,127,707.0755434
219.6249932,12,27.72486227,62,-1319.532041
258.2059036,24,33.36899586,112,8720.007182
185.6200434,5,32.84222666,89,4761.539557
386.4242211,20,28.36379985,80,5389.828873
276.2241755,39,22.14280772,102,8557.997167
154.4957128,39,21.91415615,191,6579.094842
454.808558,13,43.13224369,159,-1251.152457
222.7510496,41,29.99548992,115,8179.097862
294.5987875,45,33.5216762,12,13110.69415
457.9124499,12,15.17892135,193,3758.936612
330.9070982,13,24.74324315,123,-5573.844477
102.6041183,10,28.69983734,146,8507.781881
472.9244556,33,45.38421431,151,7074.996043
332.4686239,40,25.77448443,87,9852.910756
200.7075266,16,45.31184377,10,4073.487001
112.6724327,45,36.51173698,186,1573.760104
407.3113352,35,44.28632141,14,13204.90706
329.0327402,3,22.31705412,9,-2944.56039
290.0574914,5,41.74991545,40,12000.62305
452.2516624,26,34.32562507,154,8517.645385
404.8687451,11,14.1730089,187,8042.190749
118.2536959,7,41.82734466,72,-4786.280683
190.2749305,10,29.68779744,51,5284.246552
161.8201129,42,33.22913355,127,2669.457162
384.7758317,34,49.27503836,27,5456.389998
65.08959563,3,18.28967546,64,-5170.79403
306.4503582,8,47.23816375,16,-2262.62707
393.1064086,31,31.02979916,94,10230.6068
444.5445365,11,27.5728682,171,18722.44268
203.9367869,45,24.86294174,137,22133.08673
419.5657871,7,22.45473483,62,658.3183579
99.78428163,45,39.86910466,174,8245.219638
430.9035313,2,49.60084893,37,-5524.874321
107.369898,6,21.06225351,69,-9994.352442
228.7792808,41,28.57373603,103,8481.798202
408.7829146,32,16.55529187,52,13057.83924
117.4628423,20,17.14446548,171,5676.540362
153.1631279,34,16.26695329,118,9530.835258
375.0136558,16,30.5962136,73,3425.308842
374.0164414,25,36.65486417,53,8424.026082
338.5164348,12,18.3376719,19,7385.622336
362.2768,7,31.94823548,78,7986.092343
294.2259995,39,42.66231214,30,5015.750803
163.3095765,17,15.80103922,134,3309.148657
205.5631971,45,14.69760493,57,12230.06476
131.7189726,11,31.34760975,104,1772.965227
458.8027526,6,46.97201091,9,-1010.456802
312.5263076,23,34.4869564,9,6397.218739
230.3831375,27,17.85849362,38,7818.727699
257.9026116,46,13.92903886,155,7891.830335
476.2775028,6,41.8610903,157,-3163.873764
119.0081314,38,47.32105552,36,14479.76683
313.8034244,2,14.90598187,118,1435.397208
277.6499055,22,34.42380244,66,9238.497791
325.1544059,20,28.32956143,42,6459.638842
58.14958272,25,11.27736752,51,6473.251872
442.455759,15,47.33741088,100,6231.709935
469.4532271,49,24.0672797,55,24823.59395
304.3099326,29,47.0357831,75,2963.994202
363.4928707,8,34.98124286,67,-6581.266468
465.1247215,37,17.84741819,136,10038.63187
368.2573854,49,32.66111069,105,8434.779701
118.6425693,33,10.11270584,124,-7444.263457
309.3297621,22,27.6376286,91,6447.057988
323.0217709,47,37.15351389,22,5924.784044
240.8588021,5,41.19554696,190,5673.406427
381.399906,39,35.97917863,108,19328.05352
470.4651566,18,35.09866905,60,-267.4206684
466.5058308,38,47.25145289,167,17614.77096
252.8777171,37,35.21703202,43,16726.49683
100.9571206,30,31.43045921,151,-53.34800541
493.1785395,31,21.09048991,178,17825.13621
427.5041389,10,23.73082061,185,15555.31107
106.0982065,15,21.64937379,160,-6842.619533
464.3788472,42,49.66545272,15,9301.90905
441.4533629,48,41.29330402,21,20783.20661
283.4771257,44,23.53262846,56,20311.86139
316.0739461,18,30.64042527,61,1504.99855
229.5512167,23,49.78746097,106,17260.22545
74.64273747,33,17.8202143,70,3092.324619
200.8387587,16,19.08761707,89,-6894.240785
411.2840519,38,28.06323348,71,22436.07865
52.08441035,35,47.34146697,69,-801.6137334
200.0746273,34,19.33939802,29,9000.799943
229.1759121,28,26.65145649,102,-2881.061625
291.8280213,2,18.72160091,150,-3251.199864
463.9350274,30,19.9301203,31,4023.96608
205.8556975,13,17.87991712,85,-5902.770682
206.1289409,41,29.27967734,56,7333.816742
381.8755616,16,44.38701927,108,7139.040547
253.4980734,5,23.15370106,8,-1518.87537
151.0721703,28,25.1810486,30,-3501.087122
253.5977823,39,20.30987251,70,2249.272388
113.3856592,45,43.20475976,136,6322.116845
129.3741439,20,42.200992,12,2625.665639
274.2654977,24,14.38361931,185,7555.476167
238.5164523,27,20.00088806,130,13232.29928
461.6806555,30,13.67086045,34,14930.67382
213.0772546,45,19.65138715,20,8780.957367
311.2647576,27,26.11378776,63,17909.1218
334.5189296,26,23.83469052,94,6520.641372
55.89250546,7,14.43488304,179,12296.52619
348.5918174,42,26.84772982,33,18071.81238
130.1161851,47,24.70434703,120,2796.38701
482.4816429,38,43.74093136,162,20749.06265
116.8982275,5,31.0431512,14,-554.2498021
236.5808557,23,21.34411552,119,-3277.746813
88.40735064,28,39.16229207,95,1907.109298
498.5934133,34,41.90983278,5,8113.03049
275.9877546,15,37.44692767,108,4583.012354
317.9232578,32,40.33997488,96,11294.09502
80.18441482,26,41.40349452,31,492.5231918
387.4822117,48,33.00596629,179,15614.6969
144.4575169,31,13.68645944,82,4560.019954
454.1244302,19,29.71761413,155,12389.30485
142.3128382,9,42.48318477,117,1411.313788
135.8094743,29,46.92113322,191,2038.597338
66.44735053,39,22.15375419,78,5862.849974
262.4301253,4,34.68804942,77,1727.680408
304.17851,3,17.12676214,146,-10000.04229
79.56888774,29,23.61956925,106,371.7650911
398.9874275,11,18.15034198,125,1125.549048
253.9799756,33,39.12215842,14,8849.882823
285.9756212,38,22.3056431,133,8914.958631
248.3432361,11,39.43752061,72,-7705.213656
230.3433774,27,12.43726082,100,-2579.802796
301.8381491,33,24.54502874,97,3632.756564
119.8581107,21,37.01952799,165,2805.228465
131.8676587,39,39.21952551,25,9071.886872
437.8035295,31,42.3629366,91,2681.238685
475.751958,38,22.21436164,124,10672.75101
217.9891923,46,41.25137548,178,7394.533438
171.8351029,2,26.18786936,72,-4390.41793
339.7997945,27,39.41459892,122,8397.37744
233.930377,36,23.52124221,52,9769.410859
61.42386005,11,17.40241086,183,-3235.085309
120.2686688,47,18.87899027,186,5842.313948
372.187503,18,19.56594676,197,4513.985257
346.5157739,1,42.49110377,77,-5403.295052
62.19319663,35,46.46460212,91,1224.929677
149.8874729,35,22.04204686,185,7474.754493
153.9836585,31,35.26611145,87,11696.03224
352.3517346,28,32.70615094,12,16307.03915
58.86974199,39,48.75403629,42,-1144.371185
96.84886189,1,39.61694203,75,-3046.363013
409.9622384,25,48.65294385,50,9064.034789
130.3450979,43,14.8325691,18,1359.755333
343.7357485,38,40.26413267,148,15936.21127
157.1822515,20,27.70651322,121,3157.003304
94.74862674,3,48.44082717,23,494.6686322
159.4274859,2,23.32610435,25,3485.394822
375.0201193,18,37.07890617,172,7229.38887
435.0634106,44,14.08323252,155,19952.67414
423.5989391,10,14.47527244,119,5312.566514
228.7325883,5,36.98837527,81,300.0719891
350.6383115,9,13.96156417,99,-2237.400873
142.2429329,2,10.15369306,156,9011.34678
181.9164786,34,16.98337344,16,853.4076106
453.3511183,38,16.20514609,67,22950.17468
55.85086558,31,40.03965056,43,3300.628928
88.47883888,10,26.93190405,60,-2310.092504
143.5488148,12,47.30976344,122,4082.023927
61.93949174,36,46.20328253,92,5999.587675
131.6459458,21,10.04429552,195,11320.88744
312.3687024,49,36.93443002,73,5863.0569
239.6410478,47,20.07264352,152,8662.419741
451.70227,6,17.73339788,66,9269.304256
417.8496028,48,15.67906916,110,19915.21327
203.8178083,49,10.0948681,1,10767.45565
166.740545,3,40.34014059,88,7855.055993
220.8615837,10,48.38596693,176,1045.383406
315.6327241,5,33.55233928,197,-10614.70041
170.6286384,46,44.79677321,25,3943.68023
330.8670085,26,49.10296443,199,16181.45888
234.2352435,21,35.58292691,98,5093.533831
298.4212314,45,18.65046996,26,6319.46
246.2569381,26,27.35277235,88,11949.67128
182.5095918,38,37.48888043,145,9725.594806
476.8039881,44,23.82631978,181,15803.85675
393.6226074,26,40.71927279,0,12392.28779
113.0509291,8,49.42474216,188,-4327.057158
440.8105892,5,19.42586454,102,-62.4188014
269.3440392,15,25.05027661,130,2892.224358
452.5485021,16,19.50789502,195,12188.62889
409.9348652,1,48.44247933,40,-2405.955534
241.346077,16,16.51521489,164,2810.754244
60.11118874,37,25.218952,50,9112.08251
170.9048117,3,27.46418597,14,13012.32866
293.7353966,47,25.01543808,7,7961.855373
335.0651989,31,15.42267013,37,8161.532722
166.0494584,13,26.52253974,113,-5726.889872
112.7102333,16,26.7619848,82,1408.445813
425.7186066,43,10.37283372,55,16683.14731
492.9809813,21,19.73079332,174,16078.94694
286.560582,2,32.30824778,102,-5400.231355
127.2556786,27,21.70412,137,-3546.802059
172.5382969,38,34.43078113,101,13161.60298
58.27580445,26,40.8449815,77,-1679.113867
461.434463,38,26.12592492,176,14133.8196
102.9879873,46,12.87271608,168,5097.704041
309.432414,25,12.8344192,82,3369.073277
173.3248493,11,36.32378888,29,-2387.500046
299.3801011,8,28.89290135,4,7441.619735
343.1391748,8,41.53456406,118,5602.708659
423.3838117,33,10.17475562,198,12592.19495
142.8895723,7,10.75528369,30,119.3898544
54.9481229,38,24.01964281,179,3539.248045
111.5985335,21,17.82343761,22,4030.809481
455.0083888,8,21.39599355,47,9683.633827
443.2505349,21,26.27367124,108,7648.779373
318.835896,20,47.86608012,39,8384.582421
320.2325872,8,31.8094263,5,5435.451319
349.2665035,46,23.00854791,37,18137.64634
128.9170754,31,22.89873544,168,10982.49767
461.4853757,29,35.07509526,99,11326.52285
238.4467362,48,12.33232053,26,7664.998327
222.4123377,9,43.30571871,68,-109.3211012
283.5129674,15,29.98562215,56,7012.197047
71.13468505,30,22.36464094,16,1508.983062
124.8275159,26,22.11456776,70,14420.61339
382.1151274,10,24.05444173,46,3381.492449
87.25940057,29,38.98847146,78,-2267.241246
321.4184493,16,43.75173725,109,5567.24964
160.4070994,36,24.56238693,12,12391.46983
225.1830263,20,26.02791535,138,-387.6343799
179.9121815,45,42.82575959,123,2546.686879
210.0527224,37,21.79443418,108,5461.50841
373.5706573,22,31.79312033,89,2684.555274
183.704772,7,23.28957634,85,-5468.462911
304.8820881,23,16.50531681,91,-792.3717636
264.222681,41,43.21086286,23,11372.93104
348.6520244,40,49.23420528,72,16821.33693
471.5733827,29,18.83589654,3,9426.422575
379.6574437,16,25.61210299,112,4497.404844
146.7231704,38,22.01441722,45,5731.738057
64.03241078,28,16.473801,17,-4266.713177
168.0188199,48,17.88756261,42,11810.26295
317.7850688,38,11.56319412,160,12009.27461
73.14161607,31,28.56259685,92,4220.27535
273.3648112,14,30.46017469,102,6271.982371
318.579282,33,33.924512,123,21160.21514
200.4097509,9,43.85235829,9,-3619.398359
396.9104917,27,27.09571068,72,3541.94614
97.96921391,24,38.91949903,186,10426.61241
83.81200178,13,13.14769951,30,4283.354115
377.6849403,26,26.67236783,155,7724.394562
272.9710923,29,26.28639278,59,4248.60083
359.7810784,49,35.80301356,130,15660.4319
245.6723024,43,47.92042592,117,7899.217012
160.880915,28,48.73024939,182,-3528.628494
418.596043,28,33.06659423,13,13503.52305
409.7371455,8,46.61738488,185,-6899.348484
362.6134119,23,25.72612178,142,1904.998581
172.4653118,29,14.76107977,1,2074.076297
315.6038001,5,14.68340734,23,12104.01251
212.4382536,42,23.63818359,63,7984.879684
91.211933,7,41.55072674,198,2086.557807
462.791109,42,15.48012675,99,9645.413423
111.5683839,36,14.55626259,113,7907.800242
477.6068092,41,42.1338566,23,32922.07883
250.7025978,27,20.50295657,154,8099.712261
133.309818,46,38.53921804,164,2990.005105
293.8554263,2,17.89438751,90,-9571.650879
442.8256261,25,10.110484,166,12442.17602
379.5011989,9,48.79895979,190,-2125.443626
412.9525165,27,14.10536537,25,6306.645791
346.452515,1,25.09477866,64,4958.087277
361.524454,23,11.06469523,119,5330.859681
432.1380432,10,31.3996193,3,2826.64878
162.350604,42,16.10448278,156,9269.641254
270.2412336,25,47.50423726,0,2146.006677
149.5442488,3,36.588838,49,-6048.984958
494.4506036,6,47.31933849,109,5028.886215
474.8267029,6,10.98627466,138,5917.528827
67.74206512,2,17.32104371,73,-2770.687675
367.5088276,18,15.89810315,186,2484.357616
466.3617428,23,12.48139074,61,3549.870678
131.2589053,2,46.59586056,80,3794.661294
305.5753537,12,34.5760963,163,12979.67915
461.9697339,22,47.15860444,55,14454.14154
65.27569036,37,41.56827594,110,1887.869651
363.8391203,20,40.82536892,20,9205.492313
183.8070533,39,31.23571156,140,2528.730024
465.9782879,24,39.2575133,8,12838.71231
486.9762103,48,45.96087573,138,12355.96594
474.9199201,20,43.30035644,69,8448.469926
263.3963975,1,44.10897746,128,5592.465169
437.9191929,1,11.07692808,117,4453.620037
430.0472293,17,19.62829972,197,9875.777289
193.595213,1,11.28954139,55,2250.906908
423.0119634,45,32.41038054,30,15270.35849
66.65343562,30,38.86526073,36,2207.479596
318.3214453,41,18.06827211,174,14957.03084
153.5039768,47,36.94984328,90,5697.715892
104.2550986,3,38.02466505,113,-732.3795264
84.62894073,46,40.69976031,127,1018.623618
363.3299491,11,44.81284087,174,2345.431696
202.9437337,24,39.74147756,121,611.5571612
376.1450472,22,35.78721006,68,7068.906847
79.41035336,44,23.04023167,185,1019.922596
191.880652,45,47.49740631,35,222.4800497
292.7710816,26,41.57972241,31,18979.46467
405.8254242,13,17.63905439,63,-1298.955158
193.4386263,1,44.12312306,198,-492.5829965
331.6511194,24,36.29419414,169,6337.982311
448.6899867,10,15.41364313,47,793.0454347
327.1384347,35,43.80298755,80,9775.193026
154.8317636,24,46.69052658,157,-1479.867289
60.9803517,28,30.6184802,148,5208.84768
441.5444933,36,37.90321955,59,14569.33362
59.57123488,16,27.46366542,140,4324.284776
443.6157527,40,17.84780438,0,22780.25847
288.0217103,16,44.51406047,64,2744.878172
472.5804643,17,26.77203662,32,11470.50661
409.4524561,15,29.77964958,37,12413.35998
499.0703497,16,44.23684856,24,5484.123542
207.820317,15,25.04006058,153,6042.955206
395.23473,34,39.05438329,58,7252.26331
230.8689111,11,30.48662726,160,8283.219972
265.9440291,1,46.70910703,100,-2250.569256
332.3774584,15,31.61663771,126,7487.692785
443.1547014,26,37.74146128,40,13876.09136
492.8375611,4,17.10475155,157,-4056.545789
395.7230362,43,47.72085092,56,13291.45639
237.995052,5,33.255709,176,-2635.275805
239.610651,35,31.66274303,47,11329.24433
381.9120357,13,20.99975695,71,-1872.093327
157.4497156,10,27.028497,176,3071.693117
99.71335091,11,23.31150651,174,4401.27627
209.5799709,18,18.91802857,55,3608.446096
179.2575462,34,15.51188105,64,11529.74259
183.3386542,39,37.44498013,11,-4243.127415
155.123488,41,28.47909179,68,7843.039771
68.94193534,42,16.39567686,133,1174.765105
58.04327063,23,10.42195476,88,-6527.432959
494.4750754,7,14.41922756,192,-2612.558723
242.4979102,39,35.1413095,24,15554.19362
222.9469912,3,42.19333931,0,3736.171505
355.8412772,12,30.4242985,159,7477.088891
148.2142495,7,20.33434193,130,5584.810861
477.4825328,49,30.29723717,48,9810.854813
403.8552565,26,30.67276547,146,10256.89027
90.23495104,33,16.47078316,59,7957.387274
237.9113491,37,35.54384884,156,5615.057725
445.6032384,48,15.60821301,177,23911.70556
475.12941,15,33.72780796,1,2717.086541
260.3306801,2,36.87067577,72,1141.681707
326.0351251,41,31.84040355,183,13184.92685
125.1652757,7,19.50212165,144,4625.890528
496.0258818,32,44.95991889,187,14308.51112
154.2522656,4,42.14323137,109,5531.11691
474.2292984,20,11.94220697,163,10888.70229
342.340992,36,42.9803349,60,2870.8095
323.4815577,32,27.29090728,16,19335.26327
280.70983,28,26.82742133,48,2647.293366
153.8014153,13,30.41502152,75,11135.19187
129.4376144,1,24.21019006,187,-678.1540275
149.2187941,35,40.80693097,147,2123.286329
133.897218,48,27.89350929,177,7657.326869
400.8130131,30,35.11306979,130,7562.03536
207.5563666,36,23.53330961,42,-2736.729955
76.02920445,25,44.35105827,56,947.7505853
486.0961836,16,27.16490333,49,8357.829521
447.7036482,19,42.58918578,195,13887.80378
467.4885274,1,38.85427748,177,-5573.765325
497.7085202,5,41.25160799,36,5021.589805
128.2528621,22,42.68648881,45,1636.947069
228.3089085,24,16.97156194,169,4087.043481
391.2073141,43,38.57169729,14,19886.33609
363.2092781,45,12.91504873,160,12562.07899
119.2531579,37,11.20293899,79,4434.303555
417.1249062,36,27.1495812,138,18218.78896
150.9982573,36,44.27995509,147,8970.793977
150.7179267,4,35.01807026,23,-5582.177665
291.6384903,36,18.09070947,124,7200.17387
316.8229707,18,35.30437085,191,3312.055629
311.0387935,16,46.51931127,117,7786.849893
91.16907683,41,27.72860356,79,2282.032003
444.8573882,18,16.19516594,93,6248.052815
169.5200192,22,18.16294451,64,9599.837383
108.2817146,2,42.99507439,87,-1501.233109
449.9366359,21,23.08941542,87,14245.20511
480.0431742,36,41.17982946,144,6506.019667
437.9574278,44,41.27169862,125,16509.9569
414.2822336,39,15.03712907,88,7542.431702
344.8588913,47,40.01324189,60,13280.65439
297.8858168,39,39.47010614,14,14765.42707
89.14404196,29,49.97386437,93,1321.338516
233.8039459,26,15.17323863,50,2438.799431
217.7098327,21,18.29620747,26,-2697.811168
166.8892027,17,24.9068426,73,10653.20491
375.5390512,16,19.98936944,60,4302.704428
273.1440808,31,43.9180573,185,5007.461601
86.47079716,9,31.66705622,30,8501.50096
149.0824409,31,35.95122451,11,2513.10613
357.4664436,14,46.24893895,45,-454.4107994
84.25888677,49,30.55478059,158,-512.5070298
433.0431113,37,13.17041399,31,10175.82053
272.8159372,2,48.39763524,159,-4849.368579
266.2639598,48,38.34156346,180,7754.403382
316.5835031,46,41.69836255,60,24187.488
421.1064347,14,40.47413385,45,-257.5995717
206.5141436,33,13.66261792,84,-2326.795552
355.1072687,35,31.27723783,79,12716.71131
304.5793838,39,31.34802348,134,8985.148548
170.1627216,47,19.5769743,3,10066.49705
445.3834939,20,43.82031184,51,4571.553546
408.8417097,2,30.50938584,158,-3568.942443
346.3033256,41,32.80059144,111,19436.18116
432.7617781,19,26.12357238,35,-301.2523209
440.2823904,37,10.01769187,181,17538.88201
368.7633395,18,19.22204424,53,9000.639819
426.6559978,16,34.08537188,118,9482.402364
363.8621578,4,16.89787791,126,-83.30508657
356.0633473,12,43.17166547,16,-2057.302143
328.3751202,29,48.78145255,74,14727.30379
388.7224878,7,41.8220651,157,-167.0911799
121.3722974,14,36.38353776,104,9224.154641
446.3918416,12,29.5767697,149,6208.393571
442.3295875,35,25.39483438,116,11003.58308
63.16127737,5,13.57577131,42,2223.078788
421.6175378,17,29.60583962,111,11066.10223
107.9914404,42,29.94897421,114,4837.421738
200.8034844,32,47.99027961,26,1238.068246
384.5787153,10,48.60353789,36,-5660.803316
122.3419532,43,27.95360152,45,2249.108165
418.0851609,17,32.47285547,112,9751.31575
424.4603801,5,16.4327842,34,-3516.79281
278.3604802,45,43.57281661,131,15718.88592
52.87364227,42,49.00113352,79,2342.050976
179.1671599,9,32.03844928,79,5253.746753
327.6171133,49,40.50085773,153,-393.6251508
491.5337801,33,48.01542507,120,5639.2456
334.3160872,36,21.01606853,146,7503.155803
166.9116115,36,45.53628,121,15255.38866
335.3025664,18,25.66722,80,672.3586519
292.9934209,9,38.75800999,172,1360.066746
400.9304278,29,43.06015799,153,20061.75032
98.14128747,14,34.80993908,149,3377.376052
392.4625561,25,17.94216895,118,13902.18521
293.5699604,15,34.31625692,57,425.6573769
483.3464017,6,19.96921403,62,8168.860907
203.8424747,42,44.98054813,155,14976.31027
334.6798519,29,19.08914321,192,10368.35633
469.4126475,15,40.522667,171,6006.397661
96.1293776,29,22.9042748,99,4945.731228
471.7528193,4,27.36873781,170,-6546.896355
359.548575,18,12.83421131,164,11664.51089
80.5266766,49,34.50709928,65,-923.0646237
185.4336051,44,47.35339245,144,5797.433203
368.6774399,39,49.23378058,167,20188.22434
80.30777066,16,16.92565756,165,6448.350374
311.9767071,11,29.01057449,84,-4685.248854
205.6473756,14,18.99023793,188,-2127.170469
329.411983,3,40.622976,136,4185.068642
70.58391522,42,36.19665018,188,-5817.897371
442.1915628,38,48.79584511,143,22402.35331
488.0700361,45,11.54030702,122,22195.18713
485.9950349,42,23.28528373,1,23822.88993
387.3433243,18,12.67179649,105,3066.058399
108.5388081,20,39.3801437,107,-1567.061045
391.2184382,48,25.54145555,71,23652.68828
61.06411241,25,22.86000127,170,17.57709403
59.95559819,38,37.29801199,125,-4134.983058
195.6245986,13,16.0756306,169,4666.453037
269.8894357,4,12.11354148,56,-7090.032466
396.683338,14,14.60579529,80,11481.14539
357.4829195,33,20.43732096,194,12217.01419
250.6562179,28,38.90141281,157,813.8303815
173.1319998,37,38.73535832,140,12116.1691
498.7060251,8,11.46558718,18,9548.567997
241.781586,44,49.58862016,6,8690.782754
253.1241609,34,21.35800107,136,19014.42898
123.6307195,44,21.7501535,53,15095.34535
407.6642969,5,25.09241836,103,3636.512425
362.1570016,5,10.39564616,85,6595.34154
149.3463258,31,37.52482257,81,10307.59253
87.07147053,45,36.40112545,60,-2413.141522
356.2246859,9,46.84242388,86,4582.364033
344.5300464,42,32.28807454,1,9874.540429
172.9667871,32,39.55805895,177,-114.9555665
477.888603,33,36.26453191,30,14702.38571
117.9760513,3,16.61712839,32,1267.381147
244.5506605,30,12.58061946,79,-2923.375638
474.6271641,12,42.57067712,10,6964.606224
238.8772926,29,35.09964274,160,4475.47254
337.3366764,3,12.85477752,127,7790.163993
228.9174791,26,47.52766157,134,11471.4562
173.3968411,30,46.30557888,127,689.8486259
492.7899416,9,43.48836043,30,10391.61867
234.2003028,26,26.19148663,175,8064.196793
452.3446417,2,43.98110916,125,-380.5585629
153.4795727,3,11.27694474,46,-2110.057568
145.8971168,46,32.13141891,180,-984.305664
64.0103373,4,29.93928159,106,-5835.044503
343.2500714,25,40.13365537,18,-2102.408234
215.8368547,13,31.1615899,80,2436.684044
438.9612124,39,23.52345469,122,6127.333261
262.944458,44,19.95291452,133,6713.167317
485.6870426,35,19.84527669,106,16240.86567
133.4864821,23,26.88435549,48,9719.017825
440.8804256,9,13.825609,72,-2111.046472
399.4685838,2,17.30368611,49,3742.004097
396.9148301,41,19.71807541,80,12991.97906
430.1524527,44,47.77577913,94,15933.75442
392.4607959,31,49.72488151,11,10482.50167
331.7991447,44,41.50210891,22,7710.792911
109.060195,47,23.45905624,53,4236.124569
64.63678077,2,33.55210044,117,445.5526865
464.3815315,32,33.90374963,196,20324.96389
327.4926415,18,14.61652447,58,11611.99649
408.4417809,13,14.17748607,163,1603.019704
266.6850582,46,13.63298944,2,9274.203193
102.788685,5,37.44487694,57,4464.437397
106.3336065,42,22.35776749,182,3214.611122
358.5043793,44,39.13467275,56,15959.61442
243.6376527,10,42.37560668,144,6419.965423
140.236127,43,42.61470171,166,10615.20836
271.217546,25,36.31569517,89,5520.199145
78.89402168,34,32.80169521,195,-3389.96906
311.8871309,37,16.76203316,54,8190.009468
171.047032,30,45.20435626,44,2408.720277
408.9015953,7,20.6029661,0,6603.142928
189.6628815,6,28.74180343,20,8657.518916
254.8490671,3,38.48218629,20,8396.502486
55.22924296,13,30.28721662,51,5006.566848
82.60109951,3,38.00231721,81,-4455.570745
226.6221004,26,26.15672179,170,12770.35629
265.9724756,24,32.64624309,179,7800.442866
320.0092467,6,43.42377884,66,-2600.576205
181.2481604,43,45.33667702,112,10534.45333
362.7418488,49,28.13217272,43,15814.89101
