fare_amount,pickup_longitude,pickup_latitude,dropoff_longitude,dropoff_latitude
7.5,-73.99981689,40.73835373,-73.99951172,40.72321701
7.7,-73.994355,40.728225,-73.99471,40.750325
12.9,-74.005043,40.74077,-73.962565,40.772647
5.3,-73.976124,40.790844,-73.965316,40.803349
16,-73.925023,40.744085,-73.973082,40.761247
4.9,-73.969019,40.75591,-73.969019,40.75591
24.5,-73.961447,40.693965,-73.871195,40.774297
,,,,
9.7,-73.975187,40.745767,-74.00272,40.743537
12.5,-74.001065,40.741787,-73.96304,40.775012
6.5,-73.97438812,40.74695206,-73.98858643,40.72980499
,,,,
3.3,-73.966378,40.80444,-73.96589,40.807133
10.9,-73.953352,40.767382,-73.97251,40.796137
6.9,-73.97337,40.755193,-73.978265,40.766375
9.7,-73.990718,40.75192,-73.973053,40.74423
4.9,-73.988908,40.756982,-73.981246,40.76005
10.5,-74.005665,40.741138,-73.97783,40.749338
12,-73.96253204,40.76718903,-73.97445679,40.75386047
4.9,-73.992075,40.719633,-73.985323,40.727405
10.5,-73.980022,40.74599,-74.003432,40.759667
5,-73.98918915,40.72914124,-73.9872818,40.72063446
4.1,-74.010798,40.726085,-74.009767,40.737402
7.7,-73.9943,40.739512,-73.98807,40.724482
12.9,-73.972987,40.76404,-74.00782,40.714993
9.5,-73.986059,40.757159,-73.97613,40.780589
5,-73.957802,40.776372,-73.957422,40.78287
12,-73.993909,40.741551,-73.987874,40.770232
4.9,-73.97778,40.763656,-73.989486,40.772966
7.3,-73.971075,40.787833,-73.944957,40.784302
25.7,-73.944815,40.834367,-73.989332,40.72192
7.7,-74.004184,40.712975,-73.988385,40.725102
10.5,-73.982085,40.771387,-73.95961,40.769445
11,-73.991186,40.741393,-74.00971,40.716455
39.5,-73.78808,40.642187,-73.865042,40.725997
8.1,-73.98869,40.751273,-73.95881,40.764643
5.7,-74.010863,40.710813,-74.001205,40.718745
6.9,-73.968697,40.754998,-73.987302,40.73594
7.7,-73.96837,40.759005,-73.979105,40.77757
29,-73.9926,40.753172,-73.908508,40.816192
15.7,-73.97336,40.786952,-73.97281,40.743548
9,-73.970164,40.765016,-73.962801,40.77478
4.9,-73.987139,40.753038,-73.977794,40.751834
5.4,-73.994222,40.751229,-73.998331,40.744342
3.3,-73.982371,40.765501,-73.985248,40.762808
8.9,-73.977137,40.779272,-73.970457,40.757972
17,-73.9939,40.751714,-73.958575,40.76039
12,-73.97952271,40.72731018,-73.98487854,40.76065063
56.8,-73.993498,40.764686,-73.993498,40.764686
13.5,-73.962043,40.805372,-73.988447,40.77014
7.7,-73.983052,40.776055,-73.974093,40.763797
13.3,-73.9859,40.7277,-73.9825,40.7719
14.9,-73.997385,40.720822,-73.955628,40.782252
7.5,-73.937809,40.850558,-73.944454,40.834959
16.9,-73.986593,40.759143,-74.001767,40.72012
11,-73.958903,40.815239,-73.980862,40.78261
6.5,-73.990305,40.756175,-74.003678,40.759173
6.5,-73.968111,40.765625,-73.980863,40.75916
5.3,-73.98973,40.734507,-74.001847,40.740387
4.1,-73.954332,40.77406,-73.952558,40.766325
9,-73.97213745,40.74988937,-73.9818573,40.73242569
17.3,-73.975307,40.757499,-74.010737,40.711715
6.5,-73.997925,40.749805,-74.003443,40.754337
20,-73.977453,40.785215,-73.98595,40.734955
13,-73.993619,40.749808,-73.992512,40.756546
,,,,
5.5,-73.968242,40.762112,-73.979687,40.765432
15.5,-73.989945,40.73399,-73.95831,40.780797
8.5,-73.99765015,40.73622131,-73.98181152,40.76134872
7.5,-73.997933,40.756223,-73.981529,40.742386
6.9,-73.949458,40.773348,-73.964993,40.76659
21,-73.95431519,40.76970291,-73.99013519,40.75743866
4.1,-73.994554,40.721011,-73.989079,40.722964
5.7,-73.990968,40.72757,-73.99137,40.74472
19.3,-74.013173,40.704148,-73.984285,40.754962
17.3,-73.995721,40.767201,-73.951222,40.723918
12,-74.010142,40.719717,-74.013625,40.702315
11.3,-73.981496,40.768334,-73.956104,40.804763
9.7,-73.94984,40.796042,-73.962738,40.759112
4.9,-73.986989,40.7208,-73.976607,40.722857
11,-73.96671295,40.80403519,-73.93840027,40.79726791
3.5,-73.97534943,40.752491,-73.97386169,40.74888992
26.1,-73.976132,40.744211,-73.90495,40.876687
8.1,-73.982543,40.731653,-73.954875,40.768787
49.57,-73.975058,40.78882,-73.975058,40.78882
7.7,-73.987383,40.721255,-73.954733,40.730683
5.3,-73.971503,40.760135,-73.961437,40.768975
4.5,-73.98192,40.761172,-74.016152,40.704765
7.3,-74.008325,40.725947,-73.988232,40.720322
6.5,-73.992605,40.733957,-73.980698,40.742135
5.3,-73.986465,40.755052,-73.996115,40.744817
9.3,-73.95771,40.765555,-73.970059,40.762758
,,,,
3.7,-73.976459,40.744077,-73.983699,40.734203
4,-73.950582,40.786452,-73.9575,40.776686
9.5,-73.9784317,40.75239944,-74.00042725,40.74211884
4.5,-73.990055,40.756413,-73.983047,40.756727
3.3,-73.982326,40.731314,-73.989649,40.734398
30.9,-73.995888,40.759078,-73.865005,40.770452
26.9,-73.990137,40.756007,-73.929361,40.774553
9,-73.95828,40.7689,-73.97351,40.782907
4.1,-73.977633,40.753166,-73.981589,40.757359
14.9,-73.962218,40.640218,-73.968043,40.640505
6.5,-74.000545,40.737462,-74.009545,40.713217
43,-73.86270142,40.76895905,-73.9990921,40.74182892
8,-73.984463,40.742792,-73.97735,40.761375
6,-73.95018768,40.7192955,-73.94046021,40.72421265
4,-73.988752,40.758687,-73.98508,40.773772
3.7,-73.984218,40.732007,-73.979443,40.727617
10.1,-73.99268,40.768321,-74.00233,40.746864
18,-73.95474243,40.68746948,-73.98821259,40.73051071
5.7,-73.988433,40.737176,-73.981018,40.747329
6.5,-73.964187,40.757303,-73.983382,40.743835
35.3,-73.776743,40.645374,-73.913408,40.745943
6.1,-73.997893,40.735897,-74.006543,40.746245
4.9,-73.985758,40.753255,-73.98142,40.746513
6.1,-73.9956,40.754782,-74.002493,40.734401
10,-73.976022,40.76004,-73.982853,40.74504
10.5,-73.988604,40.778445,-73.994931,40.749954
8.9,-73.997975,40.720503,-74.001847,40.737797
,,,,
13,-74.006395,40.749657,-73.978468,40.753897
6.9,-73.990318,40.737122,-73.97627,40.744955
9.7,-73.982613,40.771843,-73.978862,40.754318
10.1,-73.980253,40.765255,-73.974253,40.731925
9.7,-73.954797,40.767289,-73.974788,40.754888
5.3,-73.956158,40.781593,-73.966138,40.773645
5.7,-73.991201,40.750336,-73.977786,40.75239
7.5,-73.975132,40.73302,-73.977113,40.752058
10.5,-73.995627,40.749295,-73.965087,40.77161
6.1,-73.985523,40.760627,-73.989185,40.774452
6.5,-74.00299072,40.73112869,-74.00541687,40.74004364
7.7,-73.962497,40.76308,-73.98472,40.736343
,,,,
6.1,-74.001561,40.735996,-73.986623,40.74737
8.9,-74.008055,40.711553,-73.997185,40.679587
9,-73.978163,40.74563,-73.952042,40.773192
15,-73.994126,40.750917,-73.949428,40.781336
15,-73.98861694,40.74912643,-73.95635986,40.74752045
12.9,-74.010698,40.710985,-73.991138,40.750717
7.5,-73.976543,40.788207,-73.954575,40.777842
9.5,-74.0065918,40.74441147,-73.9863739,40.74319077
5.3,-73.965744,40.754379,-73.9672,40.765067
8,-73.99436951,40.7466774,-73.97766876,40.73911667
11.3,-73.944435,40.778137,-73.980463,40.782295
38.54,-73.86276245,40.7687912,-73.97873688,40.75304031
6.1,-73.968942,40.785745,-73.963131,40.774204
18,-73.98103333,40.75872803,-73.95498657,40.73442078
6,-73.98799133,40.7493782,-73.98880768,40.75851822
12.5,-73.991377,40.70255,-73.999735,40.734407
16.5,-73.987152,40.750756,-73.90238,40.741637
5.5,-73.974978,40.762812,-73.981365,40.756102
13.7,-73.992956,40.754508,-73.999118,40.722575
8.9,-74.00662,40.704113,-74.009975,40.735007
4,-73.94662476,40.77677917,-73.95352936,40.77990723
4.9,-73.976452,40.780742,-73.980342,40.770673
4.9,-73.968681,40.754807,-73.97859,40.756029
8.5,-73.958542,40.780734,-73.975443,40.777022
3.7,-73.980351,40.780344,-73.980011,40.785561
6.5,-74.015122,40.715795,-74.008495,40.72814
4.9,-73.97647,40.735987,-73.981563,40.728817
9.3,-73.954282,40.764102,-73.973425,40.782708
29,-73.8709,40.7738,-73.981742,40.767455
6.5,-73.985129,40.778954,-73.980585,40.765687
8.2,-73.98349,40.765833,-73.961351,40.768866
11,-73.988536,40.753911,-73.989873,40.726236
4.5,-73.992937,40.75778,-73.992937,40.75778
4.5,-73.992667,40.753087,-73.986788,40.761582
9,-73.997222,40.763667,-74.010617,40.730022
14.5,0.001782,0.00738,0.000875,0.00567
5,-73.97274,40.798322,-73.961262,40.806462
7.3,-73.989391,40.752278,-73.972785,40.74995
9.5,-73.98402405,40.72166061,-74.01074982,40.71681213
7.5,-74.00408173,40.74240112,-73.98440552,40.74317169
7.7,-73.974445,40.764015,-73.983595,40.744184
9.7,-74.007912,40.73873,-73.977505,40.761727
15,-74.00211334,40.75183868,-73.99172211,40.7264595
8,-73.995759,40.759149,-73.991388,40.750227
13.7,-73.985623,40.763017,-74.009812,40.719408
6,-73.98212433,40.75581741,-73.9708252,40.75574875
7.7,-73.977147,40.789653,-73.954115,40.773782
10.5,-73.981387,40.758807,-73.947467,40.779305
22,-73.983363,40.744282,-73.973965,40.795451
7.5,-73.97287,40.76444,-73.98842,40.76914
11.5,-73.96995544,40.78917694,-73.94616699,40.77772903
4.5,-73.98613,40.763425,-73.977522,40.765007
8.1,-73.96494,40.775277,-73.975652,40.791703
14.5,-73.954252,40.7665,-73.989683,40.736847
18,-73.965344,40.806353,-73.976358,40.750622
8.1,-73.982563,40.727365,-73.953233,40.777548
4.5,-73.995027,40.744631,-74.000213,40.7352
3.3,-74.001113,40.741735,-73.998253,40.745095
19.7,-73.963411,40.798469,-74.000779,40.729345
8.1,-73.981785,40.763397,-74.004152,40.742437
6.5,-73.972497,40.75278,-73.95885,40.763898
14.5,-74.005477,40.738575,-73.972722,40.756735
24,-73.981558,40.783752,-73.900931,40.893366
10.5,-73.96593,40.805358,-73.949923,40.778868
8.9,-73.95208,40.790119,-73.963637,40.79809
14.1,-74.00019,40.718336,-73.956801,40.764745
6.1,-73.965017,40.764308,-73.981057,40.760887
7.3,-73.984784,40.736512,-73.976727,40.751746
23,-73.863088,40.769212,-73.95195,40.729382
5.3,-74.00921,40.706383,-74.009173,40.716762
45,-73.971663,40.757812,-73.789273,40.64179
20.1,-73.990166,40.756562,-73.923268,40.825475
5.7,-74.001563,40.739345,-74.008126,40.723898
3.7,-73.974302,40.761193,-73.971943,40.759643
5.5,-73.985698,40.748747,-73.974357,40.744135
6.1,-73.978788,40.755519,-73.975802,40.765463
8.5,-73.959753,40.777137,-73.966547,40.804235
4.1,-73.959427,40.774613,-73.952647,40.780213
8,-73.99208069,40.75920868,-73.98408508,40.78045654
9.5,-73.995559,40.695197,-73.974702,40.687741
17.5,-73.97411,40.750564,-73.88238,40.755801
4.1,-73.959091,40.799481,-73.967406,40.802026
15.7,-73.9773,40.7519,-74.0125,40.7015
5.3,-73.934317,40.797407,-73.917871,40.807013
9.7,-74.012526,40.707816,-73.987547,40.744759
8.9,-74.007392,40.733257,-73.987243,40.729388
9.5,-73.978083,40.788452,-73.979435,40.771332
29.5,-73.99119,40.750195,-74.006843,40.705932
18,-73.99681854,40.73598862,-73.96781921,40.79391861
23.7,-73.953172,40.787591,-74.014671,40.709887
6,-73.993362,40.733317,-73.995473,40.740992
24,-73.97833,40.76347,-73.96477,40.80675
49.8,-73.992122,40.748577,-73.806072,40.665272
3.7,-73.983436,40.746818,-73.988475,40.73988
4.9,-73.982445,40.775478,-73.988803,40.763712
7.7,-73.97313,40.764152,-73.987082,40.748315
7.3,-73.993193,40.749672,-74.007682,40.731123
4.1,-73.962199,40.776363,-73.971793,40.765764
7,-73.97203,40.75652,-73.98601,40.75225
9.7,-73.98963,40.735626,-73.985599,40.763121
4.5,-73.992378,40.728833,-73.988072,40.73502
12.5,-73.98022461,40.73517609,-74.01091766,40.70179749
7.3,-73.968164,40.800219,-73.95713,40.786022
,,,,
4,-73.934953,40.800987,-73.941032,40.798385
7.7,-73.975506,40.75789,-73.96085,40.774992
12.9,-73.992457,40.72877,-73.9608,40.7782
8,-73.975213,40.757695,-73.99458,40.750235
6.5,-73.999166,40.739403,-73.988351,40.743763
11.5,-73.97068024,40.7580719,-74.00410461,40.74281311
7.3,-73.961613,40.77709,-73.96409,40.799774
7.3,-73.992758,40.737167,-73.970655,40.756222
14.1,-73.982623,40.772747,-74.004793,40.729552
4.5,-73.977202,40.790112,-73.981512,40.781237
5.5,-73.968895,40.764276,-73.978191,40.759646
8.9,-73.98778,40.738603,-73.964832,40.770175
15,-73.96563,40.761996,-73.964498,40.792631
4.1,-73.983534,40.752177,-73.979711,40.744552
10.5,-73.98123932,40.75287628,-73.9952774,40.72617722
8.5,-73.968162,40.79208,-73.954524,40.778969
8.1,-73.96973,40.756707,-73.988013,40.764767
9.7,-73.983922,40.755333,-73.996402,40.727303
4.9,-73.978252,40.754508,-73.985235,40.762977
8,-73.970091,40.758928,-73.960977,40.770837
13.7,-74.002136,40.750918,-73.95666,40.788512
10.5,-73.98741913,40.73284912,-73.97187042,40.74716949
10.5,-73.969433,40.757445,-73.992628,40.737392
12,-73.959571,40.76283,-73.975622,40.760601
5,-73.988312,40.724045,-73.981047,40.73623
7.3,-73.982333,40.76893,-73.993554,40.747
17,-73.984753,40.737152,-73.944553,40.700412
7,-74.002865,40.733287,-74.0095,40.715502
7.3,-73.961983,40.810355,-73.976615,40.786607
7.7,-73.983361,40.761332,-73.972963,40.780317
24,-73.989998,40.76197,-73.990757,40.70026
4.9,-73.986022,40.76803,-73.976668,40.760718
13,-73.993753,40.762232,-73.988392,40.727412
5.5,-73.982129,40.772748,-73.977427,40.784339
5.7,-73.980482,40.785602,-73.968586,40.799888
9.3,-73.983086,40.735028,-74.008471,40.720085
6.5,-73.995037,40.739985,-73.978383,40.762292
5,-73.99124146,40.74974442,-73.98625183,40.74415588
17,-73.952872,40.791805,-74.003257,40.732767
5.5,-73.945415,40.77833,-73.955122,40.77777
4.9,-73.982557,40.771522,-73.989135,40.774365
23,-73.962038,40.810655,-73.969157,40.756785
7.5,-73.980421,40.720552,-73.984562,40.729687
4.9,-73.98611,40.74594,-73.991732,40.735342
9.5,-73.98890686,40.6922226,-74.00469971,40.71613312
14,-73.993047,40.742667,-73.972472,40.764817
16.9,-74.000457,40.742486,-73.923371,40.761095
6.1,-73.983981,40.780489,-73.96794,40.797363
7.5,-73.990973,40.7508,-74.005892,40.73016
12.5,-73.962456,40.77,-73.987907,40.741126
4,-73.96253204,40.7673912,-73.95326233,40.76465988
6.5,-73.984693,40.759112,-73.994667,40.740517
19.5,-73.992405,40.724391,-73.970332,40.783869
7.3,-73.988247,40.724833,-74.006518,40.738588
9,-74.003345,40.726957,-74.0045,40.747265
9.3,-73.993808,40.75174,-73.981047,40.767624
3.5,-73.953837,40.775171,-73.956403,40.771586
11.7,-73.98865,40.76403,-74.010412,40.720292
7.3,-74.000756,40.725835,-74.006186,40.743811
5.5,-74.016038,40.715462,-74.01128,40.72159
15,-74.006209,40.714462,-73.990402,40.66524
6.5,-74.004083,40.742094,-73.985253,40.735788
9.3,-73.987011,40.776157,-73.994649,40.75044
15,-73.97685,40.764368,-73.911379,40.747178
6.5,-73.970823,40.798273,-73.955982,40.787948
5,-73.97303,40.752042,-73.977175,40.745387
13.5,-73.973317,40.750867,-73.991122,40.747067
6.5,-73.983035,40.744606,-73.975354,40.761604
5.7,-73.970607,40.763045,-73.95798,40.776922
34.25,-73.862659,40.769994,-73.986561,40.74296
4.5,-73.984958,40.670825,-73.98461,40.664137
7.7,-73.975358,40.777341,-73.953388,40.788407
39.33,-73.98331,40.76596,-73.865664,40.770846
5.7,-73.971488,40.754987,-73.980705,40.746197
7.7,-73.981137,40.740717,-73.979165,40.765022
10,-73.98679,40.761328,-73.961224,40.760216
6.9,-73.992077,40.729163,-73.97976,40.74491
45,-73.959275,40.759352,-73.78991,40.646942
,,,,
7.3,-73.990793,40.750895,-73.974758,40.741923
4.5,-73.956615,40.767603,-73.965367,40.769688
18.5,-73.971212,40.76246,-74.005497,40.709082
8.9,-73.988975,40.748182,-74.00151,40.724912
4.9,-74.00435,40.751103,-74.004582,40.752137
19.3,-73.995176,40.750516,-73.971411,40.680955
6.5,-73.987447,40.733067,-74.002172,40.740632
6.5,-73.9850769,40.73244858,-73.99611664,40.73833847
10.5,-73.982832,40.770589,-73.980315,40.754798
16,-73.962799,40.711994,-73.983766,40.679293
13.3,-73.99276,40.753425,-73.953695,40.799692
15.5,-73.973638,40.757932,-73.997785,40.724342
11.7,-73.996488,40.715461,-73.962013,40.675299
11.7,-73.86279,40.768853,-73.910578,40.781952
6.1,-73.96678,40.757327,-73.982874,40.739181
15,-73.977737,40.78684,-74.00841,40.736417
10.1,-74.0139,40.7078,-73.9923,40.7493
12.5,-73.99692,40.72064,-73.98808,40.74819
3.5,-73.97252,40.753437,-73.968294,40.760745
6.1,-73.987862,40.738565,-73.999763,40.72195
4.5,-73.965141,40.791169,-73.970858,40.795761
12.5,-74.00157,40.746642,-73.983258,40.775935
35.7,-73.786907,40.640095,-73.926152,40.752918
8.5,-73.974902,40.763257,-73.989848,40.752
8.5,-73.948065,40.71932,-73.981378,40.725583
4,-73.979315,40.776897,-73.986242,40.780575
3.3,-73.996055,40.725228,-73.994737,40.719624
15.7,-73.977711,40.751507,-74.010709,40.709197
8.9,-73.962483,40.773237,-73.982075,40.779066
,,,,
4.5,-73.95896,40.759771,-73.968562,40.757476
29.3,-73.93961,40.841325,-73.91253,40.76911
5.7,-73.98522,40.723707,-73.99152,40.735177
10.5,-73.971685,40.762707,-73.995203,40.759983
10,-73.98944855,40.73759079,-73.97264862,40.75937271
9.3,-73.994087,40.751154,-73.982028,40.758136
7.3,-73.98158,40.763143,-74.000254,40.759134
8,-74.015043,40.714613,-74.007943,40.705562
10.5,-73.973467,40.757442,-73.997367,40.724577
10.9,-74.007169,40.713268,-73.986911,40.725255
4,-73.989765,40.75674,-73.9832,40.761088
5.3,-73.968733,40.786187,-73.980648,40.774107
11,-73.990382,40.756108,-73.988758,40.739479
8.5,-73.966798,40.804314,-73.982236,40.775824
10.1,-73.928705,40.753475,-73.928705,40.753475
7.7,-74.005559,40.745773,-73.976892,40.736789
5,-73.97785,40.726059,-73.979853,40.727001
6.9,-73.955365,40.76489,-73.957835,40.767198
8.5,-73.985763,40.767742,-73.97381,40.753972
49.8,-73.789747,40.648142,-73.985225,40.744325
6.9,-73.969563,40.790342,-73.99117,40.760643
10,-73.97529,40.762167,-73.978365,40.750115
8.1,-73.978615,40.753807,-73.96386,40.771023
7.7,-73.991653,40.684999,-73.968497,40.674008
6.5,-73.974151,40.747188,-73.99212,40.738022
13.5,-73.99364,40.7525,-73.98147,40.7558
8.5,-74.001552,40.746532,-73.977492,40.76431
6.9,-73.961988,40.773478,-73.967392,40.787932
43,-73.87081909,40.77368164,-73.97480774,40.63471985
6.5,-73.981443,40.741223,-73.97009,40.756593
15.7,-73.996386,40.748545,-74.010177,40.719637
6.9,-73.979605,40.735331,-73.965554,40.754758
13.5,-73.99002838,40.73450851,-73.96251678,40.77288437
7,-73.96212,40.776277,-73.979177,40.783587
4.9,-73.977352,40.760313,-73.959138,40.759398
3,-73.988257,40.737727,-73.986637,40.739952
2.9,-73.92217,40.818883,-73.923458,40.816345
13,-73.949565,40.77688,-73.953507,40.806867
6.1,-73.936407,40.76023,-73.916337,40.764532
12.1,-73.946142,40.781162,-73.965843,40.80514
13.7,-73.973387,40.784707,-73.98787,40.751617
13.7,-73.990233,40.741791,-74.009532,40.704917
,,,,
4.5,-73.989575,40.758767,-73.969325,40.76603
7.7,-73.967425,40.760568,-73.976065,40.776113
22,-73.97845,40.736707,-73.934902,40.810442
7.3,-73.973048,40.76212,-73.952492,40.766412
4.1,-73.980082,40.765167,-73.98237,40.770162
5.3,-73.961784,40.755718,-73.97615,40.760831
6.5,-74.004273,40.747427,-73.986342,40.762392
6.5,-73.99152,40.729727,-74.006927,40.729435
19,-73.973711,40.759206,-73.951506,40.8228
10,-73.951825,40.781593,-73.98133,40.76369
8,-74.00302124,40.74802017,-74.00689697,40.72520447
57.33,-73.776736,40.645518,-73.994633,40.719009
6.1,-73.98113,40.747072,-73.992207,40.730563
6.9,-73.974797,40.750455,-73.982217,40.736053
10.9,-73.979348,40.750788,-74.010858,40.714418
6.1,-74.014665,40.714253,-74.01273,40.70823
3.7,-73.980037,40.745632,-73.973706,40.748954
13,-73.97879028,40.76677704,-73.9862442,40.7458725
8.5,-73.992338,40.730622,-73.972721,40.758221
13.7,-73.984891,40.769314,-73.989604,40.730931
8.5,-74.005755,40.740463,-73.98037,40.749253
7.5,-73.99512482,40.76010132,-73.98626709,40.77213669
,,,,
4.9,-73.976657,40.75182,-73.990708,40.750923
9.7,-74.008374,40.720834,-73.977585,40.75193
12.5,-73.986831,40.747747,-73.991409,40.715867
5,-73.97712,40.745432,-73.974743,40.750415
7.3,-73.974914,40.751661,-73.981833,40.737164
37.5,-73.979551,40.757373,-73.863096,40.901391
7.7,-73.979333,40.742212,-73.993858,40.751518
8.5,-73.996418,40.732352,-73.977412,40.746833
5.7,-73.955878,40.76737,-73.967555,40.763067
16,-73.981145,40.774175,-73.985245,40.729167
37.47,-73.862687,40.768982,-73.986057,40.754168
11.7,-73.947483,40.77117,-73.98988,40.73697
10.1,-73.982596,40.751014,-73.999047,40.722874
7.3,-74.003558,40.726427,-73.981793,40.757147
49.57,-73.787044,40.641077,-73.786471,40.641836
4.5,-74.002515,40.719872,-73.994063,40.721043
4,-73.98316,40.735692,-73.986872,40.739433
19,-73.982608,40.772337,-73.95504,40.745817
8.5,-73.985613,40.762795,-73.969266,40.797898
5,-74.00542,40.739482,-74.002707,40.733577
6.5,-74.008141,40.738943,-73.987765,40.752772
7,-73.995105,40.732125,-74.008402,40.738292
7.3,-73.999717,40.73835,-73.992147,40.72537
17.3,-73.987622,40.758267,-74.007844,40.705176
12.1,-73.995468,40.749305,-74.00689,40.708035
10.1,-73.98665,40.739855,-74.007815,40.75004
19.5,-73.989002,40.73057,-73.954393,40.799867
5.7,-73.999977,40.727231,-73.999813,40.719267
12.9,-74.007721,40.725855,-73.97808,40.752019
29.7,-73.982321,40.768729,-73.921654,40.660043
5.3,-73.994312,40.740935,-73.984237,40.754502
5.5,-73.973294,40.755027,-73.979022,40.747021
8.1,-74.002382,40.734405,-74.01352,40.707072
9.3,-73.974378,40.744052,-73.979914,40.761059
5,-73.985044,40.732313,-73.975437,40.730103
6.5,-74.001264,40.761711,-73.988011,40.756287
5.3,-73.991934,40.750118,-73.98802,40.738424
,,,,
5.5,-73.985774,40.762882,-73.979744,40.775181
11,-73.969683,40.752953,-73.98777,40.737584
21.5,-73.9872,40.729232,-73.911368,40.776627
5.5,-73.971052,40.757462,-73.979635,40.762667
6.1,-73.960214,40.77315,-73.976311,40.750413
10,-74.012982,40.706427,-73.99455,40.718375
11.7,-74.030417,40.807683,-74.027813,40.806813
10.1,-73.999853,40.738384,-74.005817,40.705487
6.9,-74.004222,40.722267,-73.996063,40.739343
7.5,-74.005955,40.717,-74.010857,40.708712
8.5,-74.002652,40.733857,-73.993335,40.72245
6.5,-73.97975,40.76513,-73.962025,40.767697
9.3,-73.980685,40.744708,-74.01001,40.720932
13.5,-73.99584,40.732914,-73.982775,40.775997
5,-74.004237,40.751967,-74.005022,40.74148
14.5,-73.959524,40.774139,-73.992576,40.748924
4.9,-74.002718,40.760635,-74.002718,40.760635
4.9,-73.967191,40.802096,-73.967435,40.792891
5.7,-73.976844,40.758666,-73.987866,40.749311
3.7,-74.011739,40.704663,-74.005839,40.710507
4.9,-74.002975,40.749237,-73.989446,40.753319
4.1,-73.995058,40.744817,-74.00275,40.744548
9.5,-73.975461,40.741243,-73.981388,40.75914
12.5,-74.010452,40.720927,-73.957605,40.718007
4.1,-73.977533,40.746435,-73.978513,40.74966
7,-74.006758,40.72962,-73.996252,40.748297
8.5,-73.985059,40.727423,-73.995534,40.735666
6.9,-73.967664,40.771786,-73.976822,40.759771
10.1,-73.965292,40.766492,-73.991095,40.751052
8.1,-73.985378,40.723558,-73.979093,40.750142
5.3,-73.994349,40.722509,-73.988383,40.723458
8.5,-73.954566,40.719553,-73.94927,40.720892
10,-73.987495,40.74984,-73.97383,40.750295
10.5,-73.9826889,40.73786545,-74.00634766,40.72651291
7.7,-73.982618,40.766742,-73.990478,40.751458
6,-74.00834,40.725932,-73.99982,40.727127
33.7,-73.965719,40.791979,-73.976374,40.686215
4.5,-73.99679,40.747578,-73.996645,40.758102
15.7,-73.997272,40.750477,-73.955004,40.771815
5.7,-73.964303,40.756422,-73.952098,40.773292
6.9,-73.951812,40.769173,-73.969237,40.757735
10,-74.000448,40.747704,-73.965471,40.759391
16,-73.95362854,40.76710892,-73.90546417,40.74377823
23.7,-73.962734,40.804368,-74.01389,40.7024
25.7,-73.862765,40.770908,-73.989013,40.688776
8,-73.91853,40.74333,-73.946696,40.749438
10.5,-74.005734,40.743641,-74.006287,40.70833
5.5,-74.00164795,40.74094009,-74.00572968,40.75017548
10,-73.96003723,40.78062439,-73.97175598,40.76593399
4.9,-73.981878,40.778722,-73.987787,40.771163
18.1,-73.998515,40.747095,-73.967875,40.69529
21.5,-73.975285,40.735602,-73.974022,40.795592
5.7,-74.002502,40.726697,-73.993987,40.745091
17,-74.013402,40.714062,-73.988897,40.758532
16.5,-73.874958,40.774058,-73.81254,40.713205
6.9,-73.983467,40.726277,-73.982605,40.739737
11,-73.989439,40.776503,-73.966752,40.769882
9.7,-73.991901,40.73117,-73.992289,40.749283
10,-73.95859528,40.76418304,-73.96001434,40.77925873
4.9,-73.977043,40.795833,-73.989055,40.795602
7.7,-73.99238,40.734704,-73.990077,40.756641
7.7,-73.996127,40.75846,-73.999807,40.753539
6.1,-73.955713,40.763913,-73.991062,40.742445
10.1,-73.986885,40.76093,-73.951085,40.782612
7.7,-73.992168,40.721211,-74.001862,40.736316
20,-73.988212,40.7646,-73.940585,40.84888
16.5,-73.978385,40.762942,-73.987015,40.72091
5.5,-74.008418,40.734875,-74.003572,40.725255
12.1,-74.001532,40.732103,-73.960319,40.763751
7.7,-73.999193,40.734143,-73.985447,40.752897
13.3,-73.982218,40.771385,-73.955748,40.745976
6,-73.968735,40.678386,-73.977669,40.663718
5.5,-73.968822,40.75764,-73.979761,40.757928
17.7,-73.978966,40.744725,-73.938106,40.713886
6.9,-73.9833,40.7414,-74.0044,40.7417
8.5,-73.97257,40.759172,-73.955643,40.76603
14,-73.978492,40.750282,-73.970188,40.789105
11.7,-73.982105,40.778682,-73.985045,40.739622
16.5,-74.005908,40.708587,-73.954925,40.765268
5.5,-73.983598,40.738008,-73.976172,40.74856
6.5,-73.966277,40.764859,-73.984789,40.739597
4.1,-73.98444,40.761075,-73.976288,40.763482
5.5,-73.978345,40.76402,-73.96392,40.757882
8.5,-73.969177,40.757551,-73.977764,40.763169
5,-73.98070526,40.76496506,-73.98619843,40.75588608
11.7,-73.96856,40.767347,-74.006227,40.733182
12.9,-73.991405,40.69607,-73.995748,40.740842
6,-73.982636,40.757145,-73.975108,40.756003
16,-73.975743,40.756817,-74.001692,40.719832
6.9,-73.984135,40.737225,-73.980687,40.757867
10.5,-73.971254,40.782857,-73.977721,40.75579
10,-73.983478,40.767955,-73.969045,40.790737
36,-73.962142,40.680555,-73.776342,40.645679
12,-73.999086,40.73973,-73.975782,40.755241
25.7,-73.935962,40.806365,-73.852515,40.872922
8.1,-73.970455,40.799142,-73.95503,40.787395
5.7,-73.991017,40.734997,-73.992288,40.74916
12.9,-73.973569,40.792419,-73.940528,40.845458
6,-73.99276733,40.72429657,-74.00606537,40.73152161
5.3,-73.989865,40.757115,-73.983079,40.772198
11.3,-73.989246,40.739684,-73.96271,40.772978
4.9,-73.987643,40.776225,-73.980739,40.76577
22,-73.96187592,40.79561615,-73.99207306,40.73804855
9.3,-73.959578,40.782707,-73.98228,40.768017
14.9,-74.00526,40.74108,-73.995822,40.682527
,,,,
9.7,-73.978877,40.720184,-74.004385,40.741676
4.1,-74.00888,40.713255,-74.009378,40.719645
8.9,-73.987609,40.74143,-73.982785,40.762804
,,,,
9,-74.012288,40.701394,-73.997107,40.722165
8.9,-74.015602,40.714668,-73.999688,40.738868
7.3,-73.968347,40.832228,-73.954847,40.833925
10.9,-73.98726,40.744713,-73.961008,40.772445
13.7,-73.996887,40.720198,-73.971995,40.67223
7.5,-74.008477,40.720557,-73.997263,40.725572
6.1,-73.96884201,40.76576939,-73.98196554,40.77391333
6.5,-73.992557,40.714019,-73.979082,40.747003
14.5,-73.957828,40.772228,-74.005852,40.737132
57.33,-73.99122,40.754664,-73.776311,40.645212
7.7,-73.997339,40.741876,-73.998192,40.720942
7.3,-73.980047,40.785857,-73.997971,40.760697
8.5,-73.996418,40.71926,-74.012234,40.707533
7.3,-73.965795,40.759832,-73.983463,40.736785
49.8,-73.95157,40.741542,-73.991843,40.744987
9.5,-73.97481,40.75839,-73.96163,40.778796
10.5,-73.962595,40.767283,-73.984641,40.741711
4.5,-74.00967407,40.70547104,-74.00955963,40.71274567
5.5,-73.97737,40.78761,-73.98788,40.77951
12.9,-73.986356,40.760768,-74.005742,40.715464
16.5,-74.015265,40.708583,-74.013985,40.71328
10.9,-74.001012,40.725683,-73.969397,40.749548
13.7,-73.972258,40.761745,-73.751885,40.719627
17.3,-73.9225,40.7437,-73.9996,40.7301
18.9,-74.01586,40.711055,-73.973018,40.762605
5,-73.957018,40.777593,-73.956988,40.782628
5,-73.971373,40.754978,-73.961338,40.756277
8.1,-73.994696,40.739068,-73.990384,40.760816
12,-73.97879,40.744605,-73.988893,40.768777
4.5,-73.981882,40.767154,-73.976332,40.762924
5,-73.98126221,40.77915955,-73.96977234,40.78981018
9.7,-73.979771,40.77533,-73.947302,40.781034
7.7,-73.985517,40.778301,-73.986565,40.756593
22.5,-74.001645,40.751332,-73.928255,40.86561
6.1,-73.952088,40.786637,-73.96002,40.772862
9.7,-73.956445,40.775568,-73.979082,40.763852
14.9,-74.009533,40.705928,-73.994863,40.750142
6.9,-74.005672,40.72562,-73.97909,40.721828
7.7,-73.95643,40.813242,-73.934882,40.80243
6.5,-73.982625,40.777522,-73.982368,40.761495
6.5,-73.976429,40.739954,-73.988391,40.724131
14.5,-73.962183,40.80545,-73.97075,40.761543
7.5,-73.945635,40.780225,-73.954515,40.765798
9.7,-73.98525,40.747276,-73.955426,40.76979
8.3,-74.010651,40.711422,-73.997667,40.725722
10.5,-73.971249,40.761881,-73.950925,40.782899
38.83,-74.001175,40.73164,-73.871008,40.774254
7.3,-74.009305,40.715503,-73.99462,40.726447
8.1,-73.974508,40.746692,-73.975242,40.718102
57.33,-73.992281,40.765674,-73.789631,40.647025
10.9,-73.976769,40.747376,-73.939318,40.757222
10,-73.951928,40.777807,-73.9679,40.755697
4.5,-73.990105,40.731542,-73.983668,40.726525
5.3,-73.958431,40.764674,-73.963231,40.773443
45,-73.995375,40.717202,-73.782768,40.644015
5.3,-73.984566,40.748721,-73.971763,40.750816
4.9,-74.010062,40.71246,-74.004688,40.72371
5.3,-73.989731,40.736849,-74.000736,40.742081
5,-73.981224,40.748654,-73.973061,40.756694
12,-73.98978,40.725937,-73.989818,40.72528
13.3,-74.005796,40.740331,-73.961972,40.795297
4.9,-73.984215,40.767343,-73.980147,40.780708
8,-73.975827,40.744965,-74.000827,40.747997
4.5,-73.949793,40.776175,-73.960593,40.7689
22.5,-73.95904,40.71673,-73.98604,40.75565
9.5,-73.977968,40.745667,-73.985232,40.76334
6.1,-73.978547,40.756678,-73.993501,40.765455
7.3,-73.991426,40.740548,-73.973718,40.743482
7,-74.009497,40.723484,-74.014882,40.71117
8.5,-73.974038,40.74592,-73.961602,40.770975
8.5,-73.987685,40.743717,-73.981365,40.76018
9.7,-73.993833,40.728737,-74.01577,40.714482
6.5,-73.992072,40.743985,-73.978598,40.753105
7.5,-73.963542,40.765725,-73.9561,40.783887
3.7,-73.946008,40.77324,-73.951042,40.773448
4.9,-73.996521,40.716586,-74.010335,40.71171
26.33,-74.006223,40.741277,-74.012008,40.67583
8.9,-73.989792,40.759658,-73.974253,40.793238
14.1,-73.982727,40.762037,-73.987405,40.760002
10,-74.008415,40.720447,-74.00342,40.748815
39.5,-73.783552,40.648642,-73.941218,40.722287
3.7,-73.943538,40.789158,-73.950372,40.779865
4.9,-73.871124,40.774065,-73.861814,40.768437
16.5,-73.95191,40.777838,-73.984861,40.71941
7.3,-73.980677,40.73398,-73.960933,40.761502
8.9,-73.964633,40.773309,-73.987301,40.763344
15.3,-73.989444,40.751226,-73.943774,40.776634
26.1,-73.972161,40.786361,-73.978643,40.684451
25.3,-73.98318,40.726626,-73.937486,40.85321
10.1,-73.98378,40.773823,-73.980145,40.750005
49.8,-74.00575,40.74019,-73.792587,40.64441
21.3,-73.978163,40.76355,-74.01281,40.721065
5.5,-73.961562,40.77135,-73.967427,40.763395
4.5,-73.956165,40.771918,-73.951208,40.782272
6,-73.978942,40.752501,-73.98586,40.740949
12.5,-73.97865,40.76203,-73.985697,40.746917
10.5,-74.0067215,40.74414063,-73.9990921,40.72817612
31.8,-73.874395,40.773947,-73.960215,40.766957
13.7,-73.986402,40.778573,-73.993638,40.729118
4.9,-73.980011,40.780776,-73.970071,40.788962
5.5,-74.00595,40.71203,-74.007668,40.705367
3.7,-73.953817,40.782057,-73.951707,40.781198
21.7,-73.99364,40.758622,-73.993773,40.686797
10.5,-73.947255,40.784188,-73.982802,40.770141
15.3,-73.972715,40.75277,-74.011348,40.701752
7.3,-73.993452,40.73102,-74.013052,40.715037
26.1,-73.978594,40.762392,-73.87263,40.774353
9,-73.945968,40.781388,-73.952405,40.803287
12.1,-73.975461,40.752853,-73.99293,40.750403
10.1,-74.004748,40.737652,-73.983332,40.75065
6.5,-73.970388,40.756703,-73.957381,40.765934
8.5,-73.962408,40.762803,-73.991603,40.749552
,,,,
4.5,-73.989017,40.753957,-73.996155,40.743557
4.5,-73.959568,40.770792,-73.953365,40.767068
9.3,-74.009723,40.706352,-73.985237,40.721999
12.1,-73.995338,40.725384,-73.97323,40.763248
9,-73.997717,40.716875,-73.98093,40.729647
7.7,-73.982192,40.731282,-74.004255,40.740512
9.7,-73.99137,40.743938,-73.980389,40.760362
4,-73.955519,40.78275,-73.961749,40.779522
14.1,-74.00392,40.725627,-73.958464,40.772658
12.1,-73.978062,40.78295,-73.97527,40.753052
8.1,-74.002622,40.730862,-73.97872,40.734486
49.57,-73.789632,40.646612,-73.971857,40.749617
8,-73.968177,40.755305,-73.991038,40.750542
3.7,-73.960807,40.772057,-73.961965,40.768595
6.5,-73.988928,40.75366,-73.990377,40.736806
6.1,-73.983107,40.750467,-73.991475,40.748925
7.3,-73.976417,40.752875,-73.961788,40.767967
9,-74.00644684,40.71900177,-73.99111938,40.74874878
8.5,-73.991669,40.729632,-74.007887,40.740529
6.5,-73.988168,40.764413,-73.9988,40.745398
10.5,-73.983912,40.746613,-73.950157,40.782218
21,-73.987745,40.75981,-73.941128,40.839093
5.3,-74.68983078,40.19056355,-74.68983078,40.19056355
16,-73.942319,40.754227,-73.992468,40.738115
12,-74.00587,40.740207,-73.972522,40.760142
13.3,-73.98117,40.770278,-73.974123,40.739837
6.5,-73.982698,40.762237,-73.980417,40.754042
3.7,-73.970205,40.796457,-73.967635,40.80228
9.7,-74.015023,40.709682,-73.998274,40.718254
10.1,-73.96921,40.798035,-73.989627,40.757263
8,-73.981981,40.743291,-73.967377,40.75179
3.7,-73.884096,40.738277,-73.895686,40.740483
7.3,-74.010297,40.719687,-73.99651,40.732315
7.7,-73.985756,40.740838,-73.976372,40.765513
4,-73.95198059,40.78456116,-73.95290375,40.78894043
33.3,-73.8708,40.7737,-73.982,40.6645
3.7,-73.984917,40.751575,-73.989735,40.74074
15,-73.973032,40.758953,-73.975762,40.788843
8.9,-73.953347,40.775784,-73.985368,40.749675
7.5,-73.976434,40.751824,-73.986996,40.763236
12.9,-73.906277,40.742427,-73.96454,40.756542
6.9,-73.997156,40.73686,-73.977427,40.750318
14,-73.957105,40.777557,-73.978725,40.747468
12.9,-73.967503,40.801276,-73.959116,40.774634
13.5,-73.991349,40.723395,-73.993271,40.692409
6.1,-73.977445,40.779315,-73.983982,40.761764
11.5,-73.978697,40.764267,-73.983632,40.738192
8.1,-73.978612,40.720011,-73.983926,40.740706
7.7,-74.000032,40.738,-73.99169,40.722527
3.7,-74.005258,40.721484,-73.998208,40.722703
3.7,-73.995388,40.743963,-73.993252,40.736909
11.5,-73.98882,40.71874,-73.95074,40.72582
5,-73.992092,40.734517,-73.981213,40.73399
11,-74.006734,40.739843,-73.979104,40.763787
8.9,-73.96329,40.798763,-73.939785,40.823718
8.9,-73.970252,40.752538,-73.977447,40.762758
3.5,-73.990336,40.718912,-73.98901,40.721514
49.8,-73.787183,40.64116,-73.978843,40.764067
7.3,-73.98922,40.730067,-74.009237,40.70953
6.9,-73.992287,40.721032,-73.992287,40.721032
19,-73.98245,40.775267,-74.002405,40.73445
18.5,-73.983532,40.721912,-73.912703,40.762692
8.5,-73.974492,40.783267,-73.958802,40.774815
6.5,-73.976644,40.752966,-73.985264,40.763099
8.1,-74.009337,40.705379,-74.003849,40.732725
25.07,-73.87088,40.773708,-73.96154,40.801282
12,-73.978107,40.745749,-73.946984,40.788515
10,-73.97415924,40.75716019,-73.98499298,40.73643112
40.5,-73.865781,40.771111,-74.014136,40.709645
10.5,-73.975595,40.74926,-73.987412,40.763632
43,-73.782002,40.644664,-73.920629,40.763044
9.3,-73.977798,40.753232,-73.95404,40.770293
8.9,-73.99101,40.730234,-74.010007,40.709905
52,-73.993418,40.720149,-73.789199,40.641738
5.5,-74.00218,40.73957,-73.99155,40.7351
5.3,-73.984266,40.728929,-73.987512,40.719978
6,-73.973548,40.792702,-73.980437,40.781382
4.1,-73.992253,40.763919,-73.99123,40.757765
5,-73.988807,40.757342,-74.000408,40.762372
9.3,-73.998974,40.739419,-73.979715,40.749374
4.5,-73.99668121,40.74285126,-74.0029068,40.73371124
,,,,
6.5,-73.979931,40.750827,-73.995124,40.754703
17.7,-74.01596,40.711217,-73.985665,40.763607
6,-73.999706,40.731067,-73.988034,40.728217
27,-73.980897,40.769571,-73.998365,40.721179
16.5,-74.006872,40.751167,-73.945538,40.774385
7,-73.98483,40.748045,-73.995267,40.730987
11.5,-73.977025,40.756801,-73.944349,40.800687
19,-73.895172,40.748642,-73.977002,40.76613
10.9,-73.982297,40.767673,-73.974092,40.74297
7.3,-73.987418,40.750096,-73.986692,40.768297
9.3,-73.95001,40.772178,-73.977867,40.742213
8.5,-73.964344,40.77325,-73.975647,40.760655
8.5,-73.973263,40.760977,-73.964753,40.775518
13,-73.992098,40.769398,-73.98441,40.740328
4.1,-73.988372,40.720093,-73.994188,40.71649
6.1,-73.977881,40.754195,-73.985108,40.753559
5.5,-73.985572,40.74397,-73.980057,40.75129
15.3,-74.001245,40.731355,-73.993055,40.683027
16,-73.98321,40.73495,-73.95357,40.788012
9.3,-74.000399,40.747934,-73.982048,40.732195
18,-74.006221,40.7061,-73.971143,40.76007
11.7,-73.974,40.747462,-74.00674,40.705578
6.5,-73.948439,40.782451,-73.943314,40.80214
5.7,-73.990858,40.745529,-74.006083,40.74133
10.5,-73.949593,40.77309,-73.967725,40.751837
8,-73.970437,40.796736,-73.979589,40.777605
6.9,-73.979852,40.759752,-73.997613,40.756408
14.5,-73.968275,40.761955,-73.992005,40.714867
8.5,-73.983719,40.755168,-73.971353,40.76516
52,-73.993082,40.69278,-73.795182,40.644532
4.1,-73.997654,40.73774,-73.999801,40.731219
15.5,-73.99601,40.73284,-73.95493,40.76548
8.9,-73.941632,40.791692,-73.971627,40.757502
8.5,-73.978283,40.759693,-73.995888,40.737338
11,-73.983522,40.76772,-73.977897,40.74903
5.7,-73.982874,40.738806,-73.991939,40.744409
3.7,-73.996892,40.749168,-73.993742,40.75192
6.5,-74.003949,40.725542,-74.001127,40.741686
8.1,-73.968472,40.755202,-73.97803,40.729333
16.5,-74.010438,40.709375,-73.985619,40.732676
4.1,-73.990712,40.736558,-73.995907,40.73083
4.5,-73.988242,40.754127,-73.991782,40.749732
8.9,-73.985183,40.738975,-74.009553,40.72278
10.9,-73.978791,40.683594,-73.988495,40.731397
8.1,-73.991592,40.750019,-73.978977,40.762163
22,-73.982667,40.762567,-73.988975,40.692525
16.5,-74.002193,40.733706,-73.968568,40.678262
6.5,-73.969515,40.758923,-73.960277,40.769655
7.5,-73.971162,40.761475,-73.979788,40.748631
8,-73.96983337,40.78557968,-73.95078278,40.77157974
8.1,-73.964052,40.773638,-73.97367,40.747767
5,-73.970813,40.758012,-73.983345,40.741277
7.3,-73.978953,40.736243,-73.960223,40.764642
6,-73.974052,40.763692,-73.954813,40.769917
8.1,-73.985018,40.758452,-73.975665,40.762532
4.5,-73.992683,40.75822,-74.00057,40.747287
11.3,-73.99339,40.757479,-74.004417,40.717088
6.9,-73.99364,40.746775,-73.975835,40.733528
17,-73.97119904,40.76163864,-73.94289398,40.72695541
4.9,-74.003028,40.73128,-73.995854,40.742541
4.1,-73.98083,40.764102,-73.985863,40.75846
12.1,-73.963302,40.771868,-73.993812,40.731875
20,-73.994146,40.756487,-73.953209,40.78829
10.5,-73.97782,40.763892,-73.982805,40.731477
6,-73.993284,40.724412,-73.99637,40.725585
5.7,-73.97492,40.746225,-73.987002,40.732437
9,-73.991032,40.760662,-73.990542,40.74426
16.5,-73.97473907,40.76264954,-73.90691376,40.75881195
13.7,-73.99689,40.75265,-73.973998,40.759762
7.5,-74.002613,40.740025,-73.984355,40.736992
7,-73.988243,40.748504,-73.971179,40.764268
9.3,-73.985863,40.721341,-74.008023,40.712216
7.7,-73.966165,40.754057,-73.960762,40.775642
8.9,-73.9919,40.770633,-73.975327,40.75605
8,-73.983114,40.730749,-73.96939,40.752817
6.1,-73.980437,40.763981,-73.976916,40.748583
7.7,-74.000365,40.737137,-73.977175,40.750438
6.1,-73.98257,40.77529,-73.972333,40.759702
6.5,-74.004414,40.730771,-74.015691,40.714404
,,,,
3.7,-73.975879,40.751657,-73.971971,40.746289
8.5,-73.959167,40.783177,-73.972757,40.755675
6.1,-73.974503,40.754298,-73.991442,40.755585
5.7,-73.981067,40.752648,-73.990523,40.761217
7.7,-73.976258,40.744047,-74.001957,40.739503
9.5,-74.00642,40.75115,-73.988482,40.730562
7.5,-73.986205,40.752142,-74.001147,40.746702
3.7,-73.978181,40.764811,-73.986017,40.768079
8.1,-73.982366,40.768264,-73.96236,40.776516
12,-73.979035,40.762925,-73.976403,40.73353
4.5,-73.985948,40.770424,-73.987505,40.77954
5,-73.97750092,40.76401138,-73.98062897,40.77083206
30.83,-73.970098,40.762477,-73.906882,40.768595
5,-73.95892,40.763562,-73.957035,40.774092
7.7,-74.004038,40.725483,-73.989233,40.736567
4.5,-73.981805,40.763908,-73.988775,40.759852
10.5,-73.993171,40.733678,-73.977275,40.751754
5.3,-74.001157,40.746572,-74.003719,40.738177
7.3,-73.96605,40.768277,-73.977176,40.759488
9,-73.966071,40.756355,-73.94635,40.781386
12.1,-73.995805,40.726477,-73.940497,40.726027
4.5,-73.979537,40.743677,-73.977412,40.749562
20.5,-74.001717,40.740792,-73.968145,40.675112
8.9,-73.969435,40.753427,-73.968498,40.764487
5.3,-73.954208,40.787314,-73.970036,40.794831
5.3,-73.997487,40.75626,-73.997489,40.756266
7.7,-73.974263,40.756399,-73.985619,40.759571
4.5,-73.973683,40.755163,-73.976832,40.755461
7,-74.001305,40.73606,-73.98923,40.726242
12.1,-73.975317,40.76298,-73.98992,40.751895
6.5,-73.980617,40.765332,-73.985078,40.778092
5.7,-73.984713,40.736248,-73.974629,40.753659
15,-73.993792,40.720175,-73.928287,40.692878
20.5,-73.95313,40.786002,-73.997822,40.751197
13,-73.981397,40.768845,-73.950078,40.805537
12.1,-73.984776,40.757071,-74.001729,40.719548
10.5,-74.001722,40.715595,-73.97888,40.71994
7,-73.97322083,40.75815964,-73.96965027,40.76858902
17.7,-73.99788,40.725739,-73.952744,40.782812
35.33,-73.981155,40.781045,-73.870442,40.773607
4.5,-73.994576,40.740298,-73.99072,40.748133
10.9,-74.001217,40.727782,-73.973493,40.764545
4.1,-73.953181,40.771459,-73.954533,40.768331
14,-73.988171,40.769606,-73.977268,40.736354
93.16,-73.777117,40.645058,-74.155763,40.579618
9.3,-73.95463,40.774181,-73.985584,40.738417
8,-73.972529,40.785886,-73.989932,40.772345
9,-73.987023,40.754192,-73.978762,40.739462
7.7,-73.990245,40.756412,-73.975517,40.755947
8,-73.995768,40.738731,-73.978423,40.750553
3.5,-73.981388,40.748895,-73.981027,40.748597
4.1,-73.966487,40.752823,-73.973162,40.756292
5.7,-73.98902,40.727061,-73.982139,40.741769
4.1,-73.9899,40.7155,-73.9949,40.721
16.5,-73.967973,40.765488,-74.004423,40.730608
6.5,-73.96250916,40.77909851,-73.96694183,40.76826096
6.9,-73.99085,40.736452,-74.001849,40.717034
27,-73.976289,40.744891,-73.950456,40.645129
40.33,-73.873232,40.774007,-73.987923,40.752262
5,-73.990073,40.732702,-73.949058,40.785567
8,-73.998662,40.745132,-74.015865,40.715147
8.5,-73.99409,40.746012,-73.998267,40.724877
4.1,-73.962781,40.758633,-73.95568,40.7684
24.5,-73.96300507,40.71195602,-73.94667816,40.77832794
8,-73.991611,40.729711,-73.977106,40.762797
3.3,-73.9823,40.768878,-73.983827,40.765568
5.7,-73.973188,40.752932,-73.959858,40.762893
6.1,-73.976145,40.728666,-73.993488,40.727156
9.5,-73.976234,40.752035,-73.997239,40.740213
11,-73.982124,40.745986,-73.957645,40.776962
8.1,-73.9779,40.7521,-73.9551,40.7657
6,-73.991967,40.74362,-73.991957,40.743627
11.7,-73.981,40.7646,-73.9629,40.7784
10.5,-73.994053,40.741057,-73.986422,40.778698
5.5,-73.982324,40.731568,-73.976011,40.745757
7.5,-73.955557,40.772544,-73.973914,40.747255
13.3,-73.988255,40.759582,-73.936405,40.799075
10.5,-73.991899,40.72715,-73.962264,40.763353
8.5,-73.975917,40.748991,-73.992434,40.740136
13.5,-74.01658,40.70693,-73.99828,40.72275
4.5,-73.944607,40.779335,-73.951267,40.770272
32.9,-74.002378,40.750307,-73.910177,40.911958
8.1,-73.969623,40.756685,-73.952762,40.769215
10.5,-73.989062,40.716862,-73.951492,40.73055
8.1,-73.981452,40.744161,-73.955993,40.772296
12,-73.99126434,40.75073624,-73.99263,40.72417068
8.5,-73.983435,40.750352,-73.994583,40.732163
9.3,-73.969945,40.758924,-73.992791,40.744749
34,-74.002802,40.72827,-73.870435,40.773628
6.9,-73.972946,40.785345,-73.982376,40.771594
3.3,-73.979978,40.765821,-73.983894,40.766873
15,-74.01441193,40.71396637,-73.98847961,40.75512695
12,-73.994637,40.760752,-73.975047,40.794395
21.5,-73.9786,40.752057,-73.911664,40.783494
8.5,-73.98153,40.758525,-73.983028,40.785047
7.5,-73.971075,40.755702,-73.959678,40.770889
4.9,-73.969577,40.75321,-73.960923,40.761182
6.5,-73.976102,40.748691,-73.992937,40.747818
10,-73.959235,40.716485,-73.956952,40.687342
6.1,-73.98198,40.772432,-73.987495,40.759743
4,-73.945225,40.77425,-73.952875,40.778385
26,-73.948957,40.777035,-74.01592,40.716022
4.5,-73.988836,40.727063,-73.979642,40.727195
5.5,-73.98236084,40.74765015,-73.97647858,40.74504089
9,-73.994666,40.740603,-74.006412,40.751417
23,-73.985787,40.767932,-73.87234,40.77447
7.3,-73.998674,40.729925,-73.975045,40.729915
4.5,-73.968185,40.800403,-73.961753,40.805898
10.1,-73.968867,40.762177,-74.000782,40.757605
8.1,-73.960398,40.797588,-73.95097,40.779293
6.5,-73.964551,40.757763,-73.98352,40.754521
23,-73.98751831,40.75929642,-74.0098114,40.70229721
4.5,-73.963669,40.758757,-73.972901,40.755858
13.5,-73.994406,40.732224,-73.980826,40.765036
18.1,-73.99256,40.693837,-73.970952,40.755848
14.9,-74.004837,40.708612,-73.992677,40.666342
4.5,-73.999695,40.727133,-74.000306,40.735115
31.83,-73.864761,40.769691,-73.974222,40.751171
12.1,-73.991974,40.750199,-73.951146,40.779301
10.9,-73.975573,40.787747,-73.945807,40.77963
5.3,-73.990451,40.745724,-73.978926,40.741111
22.5,-73.945725,40.790127,-73.870367,40.86652
8.9,-73.977529,40.738256,-73.963748,40.757634
13.5,-73.954522,40.765862,-73.981673,40.739825
4.9,-73.997743,40.751328,-74.005203,40.740674
5,-73.965397,40.762745,-73.957887,40.761875
5.3,-73.969617,40.7855,-73.968558,40.79916
29.8,-73.865134,40.770081,-73.954594,40.783994
9,-73.99153137,40.75024796,-73.98635101,40.77090454
9.5,-73.971174,40.758026,-73.947349,40.748377
69.25,-73.977005,40.75178528,-74.17380524,40.65975189
4.1,-74.009452,40.717382,-74.004303,40.721927
7,-73.972398,40.794152,-73.982197,40.775291
3.7,-74.006884,40.730374,-74.006324,40.739579
18.5,-73.95916,40.76328,-73.861502,40.768217
7.5,-73.965254,40.774835,-73.958873,40.76375
14.9,-74.002822,40.760515,-73.950882,40.769767
26.1,-73.862745,40.768895,-73.968853,40.750393
8.9,-73.960398,40.766022,-73.976801,40.787591
9,-73.987765,40.768932,-73.987445,40.753132
11.7,-73.957715,40.718093,-73.970886,40.69389
7.3,-73.882725,40.755893,-73.893032,40.746897
7.3,-73.997138,40.725255,-74.010165,40.71027
8.5,-73.977777,40.778647,-73.964835,40.771612
10.5,-73.992947,40.747795,-74.001337,40.721468
16,-73.955131,40.777468,-73.929627,40.826323
8,-73.97083,40.762662,-73.985283,40.76868
8,-74.010271,40.729826,-73.999624,40.714042
14.1,-73.954637,40.800809,-73.9904,40.740405
57.33,-73.782313,40.644625,-74.004058,40.733447
8.5,-73.994579,40.735632,-73.993291,40.75269
8.9,-74.002082,40.750592,-73.987403,40.728673
3.3,-73.952694,40.780859,-73.955722,40.779359
8.1,-73.99837,40.745332,-73.983632,40.727197
25,-73.967052,40.756692,-73.926875,40.819642
51.5,-73.9092,40.769,-73.9268,40.8607
10,-73.978286,40.744768,-73.992396,40.726679
4.5,-73.969841,40.76231003,-73.97344971,40.75643921
13,-73.979567,40.743797,-73.947893,40.774767
5.7,-73.96972,40.757577,-73.953782,40.76696
8.1,-73.993784,40.757054,-73.980018,40.775632
8.5,-73.972338,40.765078,-73.954527,40.783833
5.5,-73.979054,40.78473,-73.98297,40.775048
9.7,-73.983675,40.729944,-73.992416,40.758208
8.9,-73.952845,40.76812,-73.976917,40.779899
7,-73.997807,40.745105,-73.98615,40.734672
6,-73.953874,40.778966,-73.952112,40.791495
5.3,-73.991827,40.729355,-73.99755,40.741742
20,-74.007019,40.730269,-73.996877,40.69411
13.7,-73.97881,40.728413,-73.98999,40.75974
5.3,-73.970325,40.75127,-73.98174,40.739803
6.5,-73.89168549,40.76563644,-73.90751648,40.76494217
8,-74.001272,40.723302,-73.98826,40.72046
11.7,-73.987863,40.738128,-73.981173,40.782553
35.3,-73.885097,40.772915,-74.009619,40.706373
39.33,-73.863247,40.769637,-73.976723,40.723965
8,-74.00733185,40.73813248,-73.99465179,40.72821045
3.3,-73.979067,40.736092,-73.973317,40.738598
12.1,-73.949753,40.772157,-73.977645,40.757932
4.9,-73.985447,40.741992,-73.976842,40.739173
7.7,-73.975609,40.744644,-73.951296,40.774164
10.5,-73.991463,40.750585,-73.959845,40.771647
13,-73.969392,40.769332,-73.994085,40.734462
13.5,-73.998865,40.722962,-73.97791,40.762578
16.5,-73.972477,40.78109,-73.990501,40.747724
20.5,-73.955477,40.764435,-74.007428,40.706037
12,-73.992112,40.750243,-73.977398,40.752444
13.5,-73.95484924,40.76531982,-73.9474411,40.80942917
5,-73.876193,40.768335,-73.872658,40.774368
7.5,-73.987131,40.72257,-74.00622,40.735018
8.1,-73.97275,40.790705,-73.959663,40.774467
11.5,-73.98013306,40.66467667,-73.96051025,40.63132477
10,-73.966673,40.793994,-73.94913,40.773416
4.5,-73.987917,40.738112,-73.994369,40.726732
10,-73.980362,40.76502,-73.999245,40.733445
8.1,-73.992479,40.730412,-74.00806,40.741296
23,-73.99956,40.728402,-73.922802,40.699422
13.3,-73.979512,40.765503,-73.992922,40.725637
20.1,-73.957185,40.777467,-74.002803,40.718285
12,-73.987787,40.728788,-73.958398,40.717255
13.5,-73.993304,40.727814,-73.993497,40.727582
8.6,-73.974776,40.795081,-73.955565,40.821284
,,,,
7.3,-74.001038,40.723767,-73.987735,40.719185
9,-73.989428,40.769407,-73.964023,40.767658
11,-73.997035,40.720552,-74.002715,40.749907
6,-73.97619,40.754802,-73.983355,40.741095
57.33,-73.78514,40.648475,-73.986395,40.762247
4.5,-73.982341,40.731501,-73.984955,40.739167
9.5,-73.977432,40.738333,-74.005584,40.740045
12.5,-73.982325,40.76862,-73.985358,40.759477
5.7,-73.979983,40.748483,-73.98784,40.748817
9,-73.98456,40.743452,-73.991082,40.72393
8.5,-73.96906281,40.75590515,-73.9864502,40.76272583
41.5,-73.77676,40.64539,-73.91406,40.78187
12,-73.992805,40.742625,-73.97674,40.777527
6.1,-73.970428,40.761733,-73.970428,40.761733
8.9,-73.96972,40.763656,-73.985367,40.751279
4.9,-73.963732,40.757142,-73.967538,40.760547
,,,,
4.5,-73.954173,40.730094,-73.955523,40.717889
,,,,
6.1,-73.992817,40.749383,-73.985253,40.760883
8.5,-73.992458,40.749286,-73.974295,40.757018
7.7,-73.967847,40.762691,-73.990344,40.740218
3.7,-73.961693,40.777273,-73.956056,40.779592
7.3,-73.997663,40.764087,-73.991982,40.744695
8.5,-74.002265,40.73445,-73.982435,40.739751
9.5,-73.95512,40.768702,-73.967737,40.762737
4.5,-73.951519,40.770784,-73.957461,40.772551
9.3,-73.980668,40.733832,-73.956053,40.775463
52,-73.781095,40.645015,0,0
,,,,
4.5,-73.970695,40.796037,-73.967355,40.80453
8.1,-73.991853,40.72619,-74.003132,40.738755
11,-73.975908,40.761155,-73.953332,40.791332
6.5,-73.965308,40.763474,-73.948637,40.773908
8.9,-73.979028,40.740459,-73.992389,40.715148
7,-73.959176,40.763467,-73.955494,40.779204
13,-73.959975,40.776728,-73.979275,40.760683
16,-73.982369,40.745685,-74.0122,40.703611
3.7,-73.982228,40.762527,-73.997207,40.694202
45,-74.0008,40.720885,-73.7891,40.641735
4,-73.963679,40.803139,-73.958907,40.809274
7.7,-73.988162,40.764812,-73.981189,40.742007
42.8,-73.86271,40.769007,-73.988813,40.736763
4,-73.982264,40.731999,-73.988087,40.727165
5.5,-73.966272,40.764907,-73.973088,40.758712
6.5,-73.959668,40.773905,-73.954066,40.766767
3,-73.992894,40.768344,-73.98751,40.766157
40.3,-73.87474,40.774055,-73.970813,40.767155
23.5,-73.994062,40.74641,-73.972605,40.68747
4.9,-73.959868,40.779378,-73.965666,40.770991
8.5,-73.968523,40.791663,-73.96171,40.764198
6.9,-73.969516,40.790248,-73.956833,40.779933
5.3,-73.953579,40.787968,-73.953108,40.800146
5.7,-73.986965,40.732495,-73.974505,40.740807
4.9,-74.000578,40.747252,-73.99494,40.750453
12.1,-74.004211,40.716236,-73.989425,40.747446
7.5,-73.980435,40.730532,-73.982645,40.716252
14,-73.967202,40.772352,-73.98361,40.72374
7.5,-73.968683,40.764786,-73.978796,40.758291
4.9,-73.986752,40.76107,-73.985563,40.754703
4.9,-73.98991,40.738491,-73.998861,40.731892
6,-73.98180389,40.74488831,-73.99378967,40.73588562
6.9,-73.98157,40.759371,-73.976143,40.778872
23,-73.988976,40.760215,-73.990709,40.703064
19,-73.965524,40.762641,-73.963775,40.718667
4.9,-73.988748,40.748418,-73.976278,40.757883
3.7,-73.972345,40.754895,-73.97242,40.75292
8.5,-73.978167,40.729373,-73.999513,40.731107
5.3,-74.0038,40.751138,-74.005903,40.74054
15.7,-73.99004,40.757373,-73.939628,40.818608
12.9,-73.952259,40.769009,-73.982421,40.7216
7.5,-74.005272,40.718362,-73.997015,40.733397
9,-73.968652,40.755732,-73.993427,40.752037
,,,,
17.3,-73.980787,40.76323,-74.009566,40.701953
5,-73.97090149,40.76482391,-73.97779083,40.76141357
9.7,-73.975768,40.789138,-73.939968,40.805448
9,-73.984435,40.760933,-73.97969,40.753496
4.9,-73.989375,40.776498,-73.988147,40.770103
9,-73.981039,40.667643,-73.971028,40.68613
9.7,-73.99839,40.604328,-73.993407,40.603937
12.5,-73.992332,40.748748,-74.014148,40.709102
7.3,-73.993848,40.741503,-73.991512,40.758934
7.5,-73.976027,40.751622,-73.962168,40.75929
6.9,-73.989733,40.720451,-73.958702,40.709739
11.7,-73.975748,40.749032,-73.920846,40.755412
18,-73.919129,40.758804,-73.984862,40.732772
10,-73.97645569,40.73960495,-73.98767853,40.71289063
11.5,-74.015422,40.716025,-73.993312,40.737696
6.9,-73.976918,40.747529,-73.994309,40.746436
8.9,-73.98368,40.760226,-73.956973,40.777701
18.5,-73.997836,40.720877,-73.913392,40.744291
28.5,-73.976037,40.765392,-73.870545,40.773857
8,-73.978541,40.729726,-73.981402,40.747024
6.9,-73.989893,40.729512,-73.974745,40.750999
21.5,-73.984287,40.729157,-73.912865,40.697712
9.3,-74.004685,40.740665,-73.98549,40.727663
16.1,-73.98612,40.752077,-74.013768,40.715058
10.5,-73.991102,40.747002,-73.97801,40.751272
13,-73.988672,40.748612,-73.968745,40.79633
16.1,-74.006618,40.744235,-73.942132,40.798838
9.7,-73.97068,40.764838,-73.986768,40.735632
6.5,-73.981489,40.76848,-73.966258,40.789546
7.3,-73.992,40.7497,-74.0014,40.7275
6,-74.01044464,40.71876144,-74.0161438,40.70866013
5.7,-73.979265,40.748929,-73.99167,40.742461
7,-73.975925,40.74494,-73.985288,40.732046
15.3,-73.995741,40.76725,-73.987097,40.69712
7.3,-73.990908,40.75119,-74.000896,40.762735
6.1,-73.955145,40.78017,-73.965702,40.760025
5,-74.003394,40.741695,-74.005553,40.741127
6.5,-74.00781,40.742732,-73.987555,40.739722
25.7,-73.866162,40.77108,-73.956008,40.769328
9,-73.9690094,40.76100159,-73.97877502,40.7530365
9.5,-73.989978,40.739227,-73.97064,40.75561
7.3,-73.987035,40.72955,-74.003445,40.738842
16.5,-74.005082,40.728166,-73.954904,40.688033
8.5,-74.001245,40.756992,-73.971608,40.759438
25.3,-73.8853,40.773,-73.945,40.776
36.8,-73.985399,40.752658,-73.86159,40.768303
,,,,
8,-73.957354,40.782973,-73.967989,40.771035
9,-73.991943,40.735503,-74.005554,40.725766
3.5,-73.996868,40.7421,-73.990236,40.739511
5.5,-73.960217,40.779127,-73.960972,40.774747
4.5,-73.982073,40.73192,-73.974488,40.736658
7.7,-73.967699,40.76546,-73.946204,40.772833
8.5,-74.010032,40.72065,-73.987198,40.722615
4.5,-73.987642,40.724433,-73.97987,40.734805
8.5,-73.988859,40.805339,-73.99366,40.755721
3.3,-74.002218,40.740452,-73.997587,40.744062
5.7,-73.994744,40.750422,-73.992831,40.763441
7.7,-73.992266,40.749683,-73.981324,40.754995
6.5,-73.98625183,40.75554657,-73.98245239,40.74504089
3.5,-73.95648956,40.78128052,-73.95583344,40.77919006
9.7,-73.987988,40.722617,-73.995366,40.749588
7.5,-73.974005,40.750735,-73.996238,40.76124
11,-73.997163,40.739915,-74.01012,40.720607
4.5,-73.997504,40.747416,-73.992641,40.742703
36.8,-73.865805,40.770575,-73.979942,40.7623
12,-73.974435,40.750595,-73.975252,40.76533
6.9,-73.982612,40.762977,-73.989566,40.771296
33.5,-73.776842,40.645075,-73.787943,40.750053
7.7,-73.968768,40.799013,-73.957508,40.785457
8.9,-73.993617,40.762211,-73.992012,40.750051
17.3,-73.969228,40.80036,-73.9919,40.740798
5.3,-73.986607,40.755511,-73.996414,40.753267
4,-74.005198,40.751418,-73.996759,40.747138
5.3,-73.965157,40.769118,-73.968103,40.762445
4.9,-73.96317,40.762419,-73.976272,40.758977
9,-73.995744,40.759126,-73.979659,40.765622
7.5,-73.993918,40.735707,-73.98971,40.723172
9,-73.980849,40.765269,-73.958759,40.784187
41.83,-73.986807,40.761742,-73.86518,40.77066
15,-73.97912,40.724352,-73.974949,40.720288
43.7,-73.776932,40.644992,-73.955111,40.63452
22.5,-73.97170258,40.78705215,-73.9786911,40.72426987
12,-73.975421,40.752734,-73.985827,40.762317
4.9,-73.971995,40.781602,-73.961915,40.78072
4.1,-73.989382,40.730037,-73.998928,40.733912
8.9,-73.991085,40.719336,-73.994755,40.732278
7.5,-73.98435211,40.74588394,-73.9787674,40.76181412
5.5,-73.99056244,40.75677109,-73.97935486,40.7587738
16.5,-73.990192,40.69612,-73.977033,40.747478
11,-73.97971,40.764462,-73.947019,40.780459
8,-73.976392,40.727267,-73.992814,40.738847
9.3,-73.979635,40.73514,-73.94949,40.776705
8,-74.001583,40.735653,-73.992009,40.743702
9.5,-74.01324,40.713074,-74.00018,40.723724
9,-74.00299072,40.7391243,-74.00856781,40.71643829
9.5,-73.98093414,40.76760483,-73.95494843,40.77740479
7.5,-74.011345,40.714473,-74.00772,40.726503
,,,,
20.5,-73.989202,40.758642,-73.886072,40.755452
6.5,-73.981905,40.749817,-73.993735,40.751587
5.7,-73.959387,40.774239,-73.968794,40.768168
6.9,-73.979397,40.756206,-73.991462,40.754658
6.5,-73.94539642,40.83356094,-73.93942261,40.84770966
21,-74.00491,40.741692,-73.941784,40.716189
12.1,-73.993968,40.751122,-73.969413,40.800628
8.5,-73.975508,40.76539,-73.977183,40.75436
9.5,-73.99447632,40.75603867,-73.99305725,40.75131226
6.1,-74.004962,40.741973,-73.988917,40.732413
5.3,-73.982662,40.731105,-73.980865,40.723372
7,-73.9815,40.74116,-73.9908,40.729682
7.5,-73.989551,40.757346,-73.974377,40.764018
11.7,-73.987968,40.746072,-74.009882,40.710998
9,-73.999823,40.737893,-73.983522,40.725121
7.3,-73.981381,40.728997,-73.976731,40.751827
9.5,-74.006099,40.750108,-74.007857,40.732269
10.5,-73.986042,40.747307,-73.969046,40.768513
6.1,-73.985093,40.75353,-73.988092,40.74575
18.5,-73.975147,40.750943,-73.944883,40.688233
12,-73.99511,40.743097,-73.995912,40.72026
7.5,-73.95481873,40.7736702,-73.96896362,40.75623322
27.6,-73.97876,40.750365,-73.86513,40.770557
13,-73.965871,40.75432,-73.985098,40.741296
8.5,-73.971628,40.766097,-73.986723,40.745951
12.9,-73.980679,40.744695,-74.002869,40.720212
16,-74.007335,40.705369,-73.977177,40.751836
16,-74.00122,40.746285,-73.95133,40.777887
17,-73.987846,40.732281,-73.955882,40.776281
12.9,-73.956608,40.779755,-73.951937,40.78197
20.5,-73.959325,40.809264,-73.981313,40.733165
4.1,-73.981257,40.780787,-73.981212,40.788002
4.5,-74.011895,40.709027,-74.011333,40.715508
7.5,-73.95345,40.76726,-73.957392,40.777742
13,-73.967868,40.766365,-73.99059,40.750407
4.1,-73.948576,40.789088,-73.950765,40.781145
14.9,-73.981057,40.774488,-73.972805,40.746851
16.5,-74.008932,40.704517,-73.971785,40.753825
17.3,-73.990257,40.686645,-73.977204,40.752119
6.1,-73.957828,40.769443,-73.960148,40.777973
21.5,-73.98394,40.760882,-74.012767,40.707322
14,-74.004723,40.747967,-73.982133,40.780659
5.5,-73.984274,40.779987,-73.979685,40.771256
13.5,-73.966927,40.80389,-73.994673,40.76587
3.7,-73.981415,40.780587,-73.976698,40.775695
7.7,-73.992965,40.728063,-73.988043,40.745563
6,-73.96775055,40.76294708,-73.95633698,40.76762772
29.7,-73.875149,40.774109,-73.97903,40.747294
8,-73.99143219,40.74817276,-73.98163605,40.75385666
7,-73.971327,40.787352,-73.970898,40.797709
13.5,-73.989065,40.718948,-73.977182,40.683483
5.5,-73.944451,40.834834,-73.933917,40.845127
6.1,-73.975573,40.749565,-73.982348,40.757442
8.1,-73.983117,40.761097,-73.977853,40.753377
10.9,-73.9877,40.722938,-73.969478,40.760293
,,,,
17.3,-73.988547,40.731205,-73.912673,40.745928
4.9,-73.992855,40.746986,-73.989669,40.739853
6.1,-73.974372,40.783508,-73.982695,40.76277
13.5,-73.973902,40.755442,-73.980554,40.782779
5.5,-73.975058,40.757982,-73.974182,40.751
5.5,-73.993646,40.762086,-73.987734,40.776308
14,-73.97103,40.75105,-74.001,40.74652
6.5,-73.976892,40.766103,-73.980017,40.783438
6.9,-74.005612,40.740072,-73.995285,40.759452
8.5,-73.977095,40.750424,-74.002566,40.747115
4.9,-73.954134,40.774891,-73.960952,40.765423
46.1,-73.781915,40.644722,-74.023535,40.62103
4.5,-73.956033,40.777207,-73.959962,40.771287
7.7,-73.951183,40.770352,-73.973372,40.744043
6.5,-74.007657,40.739375,-73.993175,40.744898
11.7,-73.987272,40.752944,-73.951289,40.785286
14.5,-73.994007,40.721082,-73.95797,40.774575
14.5,-73.993695,40.725695,-73.916333,40.707107
23.5,-73.95681,40.74845,-73.92204,40.70742
8,-73.988523,40.693823,-73.957379,40.698915
8.9,-73.987772,40.74142,-73.967685,40.76098
10.5,-73.934401,40.762479,-73.973036,40.758169
33.33,-73.97518,40.752613,-73.865788,40.770982
19.3,-73.961887,40.713572,-73.915715,40.764387
7.5,-73.988234,40.732034,-73.972413,40.751316
10.1,-73.968705,40.764748,-73.981808,40.743295
18.5,-73.984817,40.759055,-74.01441,40.703529
7,-73.991382,40.75392,-73.983142,40.750887
14.5,-73.950265,40.775817,-73.97496,40.752235
6.9,-74.002586,40.747932,-74.006777,40.730259
