Weekly_Sales,Temperature,Fuel_Price,CPI,Unemployment
1643690.9,42.31,2.572,211.0963582,8.106
1641957.44,38.51,2.548,211.2421698,8.106
1611968.17,39.93,2.514,211.2891429,8.106
1409727.59,46.63,2.561,211.3196429,8.106
1554806.68,46.5,2.625,211.3501429,8.106
1439541.59,57.79,2.667,211.3806429,8.106
1472515.79,54.58,2.72,211.215635,8.106
1404429.92,51.45,2.732,211.0180424,8.106
1594968.28,62.27,2.719,210.8204499,7.808
1545418.53,65.86,2.77,210.6228574,7.808
1466058.28,66.32,2.808,210.4887,7.808
1391256.12,64.84,2.795,210.4391228,7.808
1425100.71,67.41,2.78,210.3895456,7.808
1603955.12,72.55,2.835,210.3399684,7.808
1494251.5,74.78,2.854,210.3374261,7.808
1399662.07,76.44,2.826,210.6170934,7.808
1432069.95,80.44,2.759,210.8967606,7.808
1615524.71,80.69,2.705,211.1764278,7.808
1542561.09,80.43,2.668,211.4560951,7.808
1503284.06,84.11,2.637,211.4537719,7.808
1422711.6,84.34,2.653,211.3386526,7.808
1492418.14,80.91,2.669,211.2235333,7.787
1546074.18,80.48,2.642,211.108414,7.787
1448938.92,83.15,2.623,211.1003854,7.787
1385065.2,83.36,2.608,211.2351443,7.787
1371986.6,81.84,2.64,211.3699032,7.787
1605491.78,87.16,2.627,211.5046621,7.787
1508237.76,87,2.692,211.6394211,7.787
1513080.49,86.65,2.664,211.6033633,7.787
1449142.92,85.22,2.619,211.5673056,7.787
1540163.53,81.21,2.577,211.5312479,7.787
1507460.69,78.69,2.565,211.4951902,7.787
1430378.67,82.11,2.582,211.5224596,7.787
1351791.03,80.94,2.624,211.5972246,7.787
1453329.5,71.89,2.603,211.6719895,7.838
1508239.93,63.93,2.633,211.7467544,7.838
1459409.1,67.18,2.72,211.8137436,7.838
1345454,69.86,2.725,211.8612937,7.838
1384209.22,69.64,2.716,211.9088438,7.838
1551659.28,58.74,2.689,211.9563939,7.838
1494479.49,59.61,2.728,212.003944,7.838
1483784.18,51.41,2.771,211.8896737,7.838
1955624.11,64.52,2.735,211.7484333,7.838
1548033.78,49.27,2.708,211.607193,7.838
1682614.26,46.33,2.843,211.4659526,7.838
1891034.93,49.84,2.869,211.4053124,7.838
2387950.2,52.33,2.886,211.4051222,7.838
1367320.01,48.43,2.943,211.4049321,7.838
1444732.28,48.27,2.976,211.4047419,7.742
1391013.96,35.4,2.983,211.4574109,7.742
1327405.42,44.04,3.016,211.8272343,7.742
1316899.31,43.83,3.01,212.1970577,7.742
1606629.58,42.27,2.989,212.5668812,7.742
1649614.93,36.39,3.022,212.9367046,7.742
1686842.78,57.36,3.045,213.2478853,7.742
1456800.28,62.9,3.065,213.535609,7.742
1636263.41,59.58,3.288,213.8233327,7.742
1553191.63,53.56,3.459,214.1110564,7.742
1576818.06,62.76,3.488,214.3627114,7.742
1541102.38,69.97,3.473,214.5999389,7.742
1495064.75,59.17,3.524,214.8371664,7.682
1614259.35,67.84,3.622,215.0743939,7.682
1559889,71.27,3.743,215.2918561,7.682
1564819.81,72.99,3.807,215.4599053,7.682
1455090.69,72.03,3.81,215.6279544,7.682
1629391.28,64.61,3.906,215.7960035,7.682
1604775.58,75.64,3.899,215.9640526,7.682
1428218.27,67.63,3.907,215.7339202,7.682
1466046.67,77.72,3.786,215.5037878,7.682
1635078.41,83,3.699,215.2736553,7.682
1588948.32,83.13,3.648,215.0435229,7.682
1532114.86,86.41,3.637,214.9980596,7.682
1438830.15,83.58,3.594,215.0910982,7.682
1488538.09,85.55,3.524,215.1841368,7.962
1534849.64,85.83,3.48,215.2771754,7.962
1455119.97,88.54,3.575,215.3611087,7.962
1396926.82,85.77,3.651,215.4222784,7.962
1352219.79,86.83,3.682,215.4834482,7.962
1624383.75,91.65,3.684,215.544618,7.962
1525147.09,90.76,3.638,215.6057878,7.962
1530761.43,89.94,3.554,215.6693107,7.962
1464693.46,87.96,3.523,215.7332258,7.962
1550229.22,87.83,3.533,215.7971409,7.962
1540471.24,76,3.546,215.861056,7.962
1514259.78,79.94,3.526,216.0410526,7.962
1380020.27,75.8,3.467,216.3758246,7.962
1394561.83,79.69,3.355,216.7105965,7.962
1630989.95,69.31,3.285,217.0453684,7.866
1493525.93,71.74,3.274,217.3552733,7.866
1502562.78,63.71,3.353,217.5159762,7.866
1445249.09,66.57,3.372,217.6766791,7.866
1697229.58,54.98,3.332,217.837382,7.866
1594938.89,59.11,3.297,217.9980849,7.866
1539483.7,62.25,3.308,218.2205088,7.866
2033320.66,60.14,3.236,218.4676211,7.866
1584083.95,48.91,3.172,218.7147333,7.866
1799682.38,43.93,3.158,218.9618456,7.866
1881176.67,51.63,3.159,219.1794533,7.866
2270188.99,47.96,3.112,219.3577216,7.866
1497462.72,44.55,3.129,219.5359898,7.866
1550369.92,49.01,3.157,219.7142581,7.348
1459601.17,48.53,3.261,219.8925263,7.348
1394393.84,54.11,3.268,219.9856893,7.348
1319325.59,54.26,3.29,220.0788523,7.348
1636339.65,56.55,3.36,220.1720153,7.348
1802477.43,48.02,3.409,220.2651783,7.348
1819870,45.32,3.51,220.4257586,7.348
1539387.83,57.25,3.555,220.636902,7.348
1688420.76,60.96,3.63,220.8480454,7.348
1675431.16,58.76,3.669,221.0591887,7.348
1677472.78,64.74,3.734,221.2118132,7.348
1511068.07,65.93,3.787,221.2864126,7.348
1649604.63,67.61,3.845,221.3610119,7.348
1899676.88,70.43,3.891,221.4356112,7.143
1621031.7,69.07,3.891,221.5102105,7.143
1521577.87,66.76,3.877,221.5640737,7.143
1468928.37,67.23,3.814,221.6179368,7.143
1684519.99,75.55,3.749,221.6718,7.143
1611096.05,73.77,3.688,221.7256632,7.143
1595901.87,70.33,3.63,221.742674,7.143
1555444.55,77.22,3.561,221.744944,7.143
1624477.58,77.95,3.501,221.7472139,7.143
1697230.96,78.3,3.452,221.7494839,7.143
1630607,79.35,3.393,221.7626421,7.143
1527845.81,78.39,3.346,221.8030211,7.143
1540421.49,84.88,3.286,221.8434,7.143
1769854.16,81.57,3.227,221.8837789,6.908
1527014.04,77.12,3.256,221.9241579,6.908
1497954.76,80.42,3.311,221.9327267,6.908
1439123.71,82.66,3.407,221.9412954,6.908
1631135.79,86.11,3.417,221.9498642,6.908
1592409.97,85.05,3.494,221.9584329,6.908
1597868.05,84.85,3.571,222.0384109,6.908
1494122.38,77.66,3.62,222.1719457,6.908
1582083.4,80.49,3.638,222.3054805,6.908
1661767.33,83.96,3.73,222.4390153,6.908
1517428.87,74.97,3.717,222.5820193,6.908
1506126.06,69.87,3.721,222.7818386,6.908
1437059.26,76.08,3.666,222.9816579,6.908
1670785.97,68.55,3.617,223.1814772,6.573
1573072.81,62.99,3.601,223.3812965,6.573
1508068.77,67.97,3.594,223.4257233,6.573
1493659.74,69.16,3.506,223.4442513,6.573
2136989.46,40.19,2.572,210.7526053,8.324
2137809.5,38.49,2.548,210.8979935,8.324
2124451.54,39.69,2.514,210.9451605,8.324
1865097.27,46.1,2.561,210.9759573,8.324
1991013.13,47.17,2.625,211.0067542,8.324
1990483.78,57.56,2.667,211.037551,8.324
1946070.88,54.52,2.72,210.8733316,8.324
1750197.81,51.26,2.732,210.6766095,8.324
2066187.72,63.27,2.719,210.4798874,8.2
1954689.21,65.41,2.77,210.2831653,8.2
1874957.94,68.07,2.808,210.1495463,8.2
1821990.93,65.11,2.795,210.1000648,8.2
1802450.29,66.98,2.78,210.0505833,8.2
2042581.71,71.28,2.835,210.0011018,8.2
1880752.36,73.31,2.854,209.9984585,8.2
1896937.1,74.83,2.826,210.2768443,8.2
1957113.89,81.13,2.759,210.5552301,8.2
2102539.93,81.81,2.705,210.833616,8.2
2025538.76,83.4,2.668,211.1120018,8.2
2001636.96,85.81,2.637,211.1096543,8.2
1939927.09,86.26,2.653,210.9950134,8.2
2003940.64,82.74,2.669,210.8803726,8.099
1880902.62,82.59,2.642,210.7657317,8.099
1845879.79,85.32,2.623,210.7577954,8.099
1781717.71,87.66,2.608,210.8921319,8.099
1804246.16,83.49,2.64,211.0264684,8.099
1991909.98,89.53,2.627,211.1608049,8.099
1895601.05,89.05,2.692,211.2951413,8.099
1964335.23,88.7,2.664,211.2596586,8.099
1863840.49,87.12,2.619,211.2241759,8.099
1904608.09,81.83,2.577,211.1886931,8.099
1839128.83,79.09,2.565,211.1532104,8.099
1793903.6,82.05,2.582,211.1806415,8.099
1724557.22,81.79,2.624,211.2552578,8.099
1827440.43,69.24,2.603,211.3298742,8.163
1849921.44,63.19,2.633,211.4044906,8.163
1794355.49,65.8,2.72,211.4713286,8.163
1737947.64,68.5,2.725,211.5187208,8.163
1802755.11,66.24,2.716,211.5661131,8.163
1939061.41,57.85,2.689,211.6135053,8.163
1916812.74,59.69,2.728,211.6608975,8.163
1956739.17,50.81,2.771,211.5470304,8.163
2658725.29,62.98,2.735,211.4062867,8.163
2015781.27,49.33,2.708,211.265543,8.163
2378726.55,45.5,2.843,211.1247993,8.163
2609166.75,47.55,2.869,211.0645458,8.163
3436007.68,49.97,2.886,211.0646599,8.163
1750434.55,47.3,2.943,211.064774,8.163
1758050.79,44.69,2.976,211.0648881,8.028
1744193.58,33.02,2.983,211.1176713,8.028
1751384.9,41.4,3.016,211.4864691,8.028
1695371.68,42.83,3.01,211.8552668,8.028
1929346.23,38.25,2.989,212.2240646,8.028
2168041.61,33.19,3.022,212.5928624,8.028
2080884.82,57.83,3.045,212.9033115,8.028
1833511.08,60.8,3.065,213.190421,8.028
1981607.78,57.77,3.288,213.4775305,8.028
1879107.31,52.7,3.459,213.7646401,8.028
1902557.66,62.32,3.488,214.0156238,8.028
1766162.05,69.42,3.473,214.2521573,8.028
1800171.36,55.43,3.524,214.4886908,7.931
1847552.61,67,3.622,214.7252242,7.931
1856467.84,69.48,3.743,214.9420631,7.931
1886339.6,69.39,3.807,215.1096657,7.931
1745545.28,69.21,3.81,215.2772683,7.931
1837743.6,61.48,3.906,215.4448709,7.931
1838513.07,74.61,3.899,215.6124735,7.931
1688281.86,67.14,3.907,215.3834778,7.931
1797732.56,76.42,3.786,215.1544822,7.931
1933756.21,83.07,3.699,214.9254865,7.931
1929153.16,83.4,3.648,214.6964908,7.931
1953771.99,86.53,3.637,214.6513538,7.931
1790925.8,85.17,3.594,214.7441108,7.931
1866243,85.69,3.524,214.8368678,7.852
1853161.99,87.7,3.48,214.9296249,7.852
1785187.29,89.83,3.575,215.0134426,7.852
1743816.41,89.34,3.651,215.0749122,7.852
1680693.06,90.07,3.682,215.1363819,7.852
1876704.26,93.34,3.684,215.1978515,7.852
1812768.26,91.58,3.638,215.2593211,7.852
1844094.59,89.86,3.554,215.3229307,7.852
1821139.91,90.45,3.523,215.386897,7.852
1809119.7,89.64,3.533,215.4508632,7.852
1748000.65,77.97,3.546,215.5148295,7.852
1691439.52,78.85,3.526,215.6944378,7.852
1669299.78,75.58,3.467,216.0282356,7.852
1650394.44,78.14,3.355,216.3620333,7.852
1837553.43,69.92,3.285,216.6958311,7.441
1743882.19,71.67,3.274,217.0048261,7.441
1834680.25,64.53,3.353,217.1650042,7.441
1769296.25,65.87,3.372,217.3251824,7.441
1959707.9,55.53,3.332,217.4853605,7.441
1920725.15,59.33,3.297,217.6455387,7.441
1902762.5,62.01,3.308,217.8670218,7.441
2614202.3,56.36,3.236,218.1130269,7.441
1954952,48.74,3.172,218.3590319,7.441
2290549.32,41.76,3.158,218.605037,7.441
2432736.52,50.13,3.159,218.8217928,7.441
3224369.8,46.66,3.112,218.9995495,7.441
1874226.52,44.57,3.129,219.1773063,7.441
1799520.14,46.75,3.157,219.355063,7.057
1744725.48,45.99,3.261,219.5328198,7.057
1711769.11,51.7,3.268,219.6258417,7.057
1660906.14,50.5,3.29,219.7188636,7.057
1935299.94,55.21,3.36,219.8118854,7.057
2103322.68,46.98,3.409,219.9049073,7.057
2196688.46,43.82,3.51,220.0651993,7.057
1861802.7,54.63,3.555,220.275944,7.057
1952555.66,58.79,3.63,220.4866886,7.057
1937628.26,57.11,3.669,220.6974332,7.057
1976082.13,63.68,3.734,220.8498468,7.057
1790439.16,64.01,3.787,220.9244858,7.057
1857480.84,66.83,3.845,220.9991248,7.057
2129035.91,68.43,3.891,221.0737638,6.891
1935869.1,68.08,3.891,221.1484028,6.891
1847344.45,65.69,3.877,221.2021074,6.891
1764133.09,67.2,3.814,221.255812,6.891
1923957.09,76.73,3.749,221.3095166,6.891
1917520.99,73.87,3.688,221.3632212,6.891
2000940.67,71.27,3.63,221.380331,6.891
1912791.09,78.19,3.561,221.3828029,6.891
1910092.37,78.38,3.501,221.3852748,6.891
2010216.49,78.69,3.452,221.3877467,6.891
1962924.3,80.56,3.393,221.4009901,6.891
1887733.21,81.04,3.346,221.4411622,6.891
1881046.12,86.32,3.286,221.4813343,6.891
2041507.4,84.2,3.227,221.5215064,6.565
1830075.13,80.17,3.256,221.5616784,6.565
1819666.46,83.23,3.311,221.5701123,6.565
1757923.88,86.37,3.407,221.5785461,6.565
1946104.64,90.22,3.417,221.5869799,6.565
1866719.96,88.55,3.494,221.5954138,6.565
1928016.01,84.79,3.571,221.6751459,6.565
1876788.15,76.91,3.62,221.8083518,6.565
1947083.3,82.64,3.638,221.9415576,6.565
1898777.07,87.65,3.73,222.0747635,6.565
1814806.63,75.88,3.717,222.2174395,6.565
1829415.67,71.09,3.721,222.4169362,6.565
1746470.56,79.45,3.666,222.6164329,6.565
1998321.04,70.27,3.617,222.8159296,6.17
1900745.13,60.97,3.601,223.0154263,6.17
1847990.41,68.08,3.594,223.0598077,6.17
1834458.35,69.79,3.506,223.0783366,6.17
461622.22,45.71,2.572,214.4248812,7.368
420728.96,47.93,2.548,214.5747916,7.368
421642.19,47.07,2.514,214.6198868,7.368
407204.86,52.05,2.561,214.6475127,7.368
415202.04,53.04,2.625,214.6751386,7.368
384200.69,63.08,2.667,214.7027646,7.368
375328.59,60.42,2.72,214.5301219,7.368
359949.27,57.06,2.732,214.3241011,7.368
423294.4,65.56,2.719,214.1180803,7.343
415870.28,68,2.77,213.9120595,7.343
354993.26,66.98,2.808,213.7726889,7.343
339976.65,67.87,2.795,213.7221852,7.343
361248.39,70.24,2.78,213.6716815,7.343
399323.86,73.47,2.835,213.6211778,7.343
384357.94,77.18,2.854,213.6196139,7.343
343763.17,75.81,2.826,213.9116886,7.343
350089.23,78.6,2.759,214.2037634,7.343
396968.8,78.53,2.705,214.4958382,7.343
355017.09,82.1,2.668,214.787913,7.343
364076.85,83.52,2.637,214.7858259,7.343
357346.48,83.79,2.653,214.6660741,7.343
381151.72,82.2,2.669,214.5463222,7.346
349214.18,81.75,2.642,214.4265704,7.346
352728.78,84.32,2.623,214.4176476,7.346
352864.49,83.32,2.608,214.5564968,7.346
347955.05,82.04,2.64,214.695346,7.346
402635.76,85.13,2.627,214.8341952,7.346
339597.38,86.74,2.692,214.9730444,7.346
351728.21,88.02,2.664,214.9314191,7.346
362134.09,86.15,2.619,214.8897938,7.346
366473.97,84.16,2.577,214.8481685,7.346
352260.97,80.84,2.565,214.8065431,7.346
363064.64,82.36,2.582,214.8322484,7.346
355626.87,76.9,2.624,214.9084516,7.346
358784.1,73.6,2.603,214.9846548,7.564
395107.35,66.99,2.633,215.060858,7.564
345584.39,69.71,2.72,215.1293114,7.564
348895.98,71.64,2.725,215.17839,7.564
348591.74,72.04,2.716,215.2274686,7.564
423175.56,62.94,2.689,215.2765472,7.564
386635.03,62.79,2.728,215.3256258,7.564
372545.32,57.72,2.771,215.2074519,7.564
565567.84,68.71,2.735,215.0614025,7.564
476420.77,53.76,2.708,214.9153531,7.564
467642.03,51.13,2.843,214.7693037,7.564
498159.39,52.2,2.869,214.704919,7.564
605990.41,57.16,2.886,214.7017828,7.564
382677.76,53.2,2.943,214.6986466,7.564
378241.34,53.35,2.976,214.6955104,7.551
381061.1,44.76,2.983,214.7470729,7.551
350876.7,50.74,3.016,215.1268275,7.551
364866.24,48.71,3.01,215.5065821,7.551
438516.53,45.95,2.989,215.8863367,7.551
430526.21,43.57,3.022,216.2660913,7.551
432782.1,61.58,3.045,216.5843571,7.551
397211.19,67.4,3.065,216.8780275,7.551
437084.51,65.11,3.288,217.1716979,7.551
404753.3,61.29,3.459,217.4653683,7.551
392109.51,69.47,3.488,217.7235226,7.551
380683.67,72.94,3.473,217.9674705,7.551
374556.08,68.76,3.524,218.2114184,7.574
384075.31,72.55,3.622,218.4553663,7.574
366250.69,75.88,3.743,218.6788642,7.574
391860.04,76.91,3.807,218.851237,7.574
367405.4,78.69,3.81,219.0236099,7.574
413042.12,69.45,3.906,219.1959827,7.574
386312.68,79.87,3.899,219.3683556,7.574
364603.13,75.79,3.907,219.127216,7.574
369350.6,84.41,3.786,218.8860765,7.574
394507.84,84.29,3.699,218.6449369,7.574
391638.75,84.84,3.648,218.4037974,7.574
403423.34,86.96,3.637,218.3551748,7.574
385520.71,84.94,3.594,218.45094,7.574
368962.72,85.1,3.524,218.5467052,7.567
395146.24,85.38,3.48,218.6424704,7.567
373454.33,87.14,3.575,218.7275216,7.567
360617.37,86.19,3.651,218.7857881,7.567
345381.29,88.07,3.682,218.8440545,7.567
409981.25,88.45,3.684,218.9023209,7.567
380376.85,88.88,3.638,218.9605873,7.567
379716.91,88.44,3.554,219.023271,7.567
366367.55,87.67,3.523,219.0866908,7.567
375988.69,89.12,3.533,219.1501106,7.567
377347.49,81.72,3.546,219.2135305,7.567
375629.51,83.63,3.526,219.3972867,7.567
365248.94,80.19,3.467,219.7414914,7.567
368477.93,82.58,3.355,220.085696,7.567
403342.4,75.54,3.285,220.4299007,7.197
368282.57,73.75,3.274,220.7486167,7.197
394976.36,69.03,3.353,220.9144005,7.197
389540.62,71.04,3.372,221.0801842,7.197
459443.22,59.31,3.332,221.245968,7.197
407764.25,61.7,3.297,221.4117517,7.197
398838.97,63.91,3.308,221.6432852,7.197
556925.19,68,3.236,221.9011185,7.197
472511.32,54.97,3.172,222.1589519,7.197
468772.8,49.26,3.158,222.4167852,7.197
510747.62,57.95,3.159,222.6426418,7.197
551221.21,53.41,3.112,222.8258628,7.197
410553.88,48.29,3.129,223.0090839,7.197
398178.21,52.42,3.157,223.1923049,6.833
367438.62,51.86,3.261,223.3755259,6.833
365818.61,56.2,3.268,223.4700552,6.833
349518.1,58.06,3.29,223.5645845,6.833
424960.66,59.33,3.36,223.6591137,6.833
473292.47,51.65,3.409,223.753643,6.833
475591.08,52.39,3.51,223.9170153,6.833
418925.47,60.12,3.555,224.1320199,6.833
469752.56,61.65,3.63,224.3470245,6.833
445162.05,60.71,3.669,224.5620291,6.833
411775.8,64,3.734,224.7166953,6.833
413907.25,66.53,3.787,224.7909104,6.833
407488.84,69.36,3.845,224.8651254,6.833
503232.13,73.01,3.891,224.9393405,6.664
420789.74,72.83,3.891,225.0135556,6.664
434822.13,72.05,3.877,225.0689541,6.664
394616.11,73.39,3.814,225.1243526,6.664
439913.57,79.51,3.749,225.1797511,6.664
431985.36,75.19,3.688,225.2351496,6.664
418112.76,72.38,3.63,225.2512024,6.664
413701.29,78.58,3.561,225.2515168,6.664
432268.53,81.55,3.501,225.2518313,6.664
446336.8,81.65,3.452,225.2521458,6.664
442074.79,84.66,3.393,225.2644795,6.664
419497.95,82.7,3.346,225.3068615,6.664
422965.33,86.42,3.286,225.3492435,6.664
411206.5,83.14,3.227,225.3916254,6.334
416913.1,82.28,3.256,225.4340074,6.334
432424.85,81.38,3.311,225.4438827,6.334
389427.9,84.94,3.407,225.4537579,6.334
419990.29,86.55,3.417,225.4636332,6.334
391811.6,85.85,3.494,225.4735085,6.334
394918.83,87.36,3.571,225.5558664,6.334
412449.67,83.01,3.62,225.6925864,6.334
408838.73,85.18,3.638,225.8293063,6.334
408229.73,84.99,3.73,225.9660263,6.334
407589.16,78.36,3.717,226.1122067,6.334
414392.09,72.78,3.721,226.3151496,6.334
389813.02,77.46,3.666,226.5180926,6.334
443557.65,72.74,3.617,226.7210356,6.034
410804.39,70.31,3.601,226.9239785,6.034
424513.08,73.44,3.594,226.9688442,6.034
405432.7,74.66,3.506,226.9873637,6.034
2135143.87,43.76,2.598,126.4420645,8.623
2188307.39,28.84,2.573,126.4962581,8.623
2049860.26,36.45,2.54,126.5262857,8.623
1925728.84,41.36,2.59,126.5522857,8.623
1971057.44,43.49,2.654,126.5782857,8.623
1894324.09,49.63,2.704,126.6042857,8.623
1897429.36,55.19,2.743,126.6066452,8.623
1762539.3,39.91,2.752,126.6050645,8.623
1979247.12,48.77,2.74,126.6034839,7.896
1818452.72,54.16,2.773,126.6019032,7.896
1851519.69,56.23,2.81,126.5621,7.896
1802677.9,56.87,2.805,126.4713333,7.896
1817273.28,53.04,2.787,126.3805667,7.896
2000626.14,56.77,2.836,126.2898,7.896
1875597.28,62.35,2.845,126.2085484,7.896
1903752.6,67.4,2.82,126.1843871,7.896
1857533.7,67.73,2.756,126.1602258,7.896
1903290.58,70.83,2.701,126.1360645,7.896
1870619.23,78.45,2.668,126.1119032,7.896
1929736.35,81.53,2.635,126.114,7.896
1846651.95,81.1,2.654,126.1266,7.896
1881337.21,73.66,2.668,126.1392,7.372
1812208.22,80.35,2.637,126.1518,7.372
1898427.66,78.53,2.621,126.1498065,7.372
1848426.78,79.78,2.612,126.1283548,7.372
1796637.61,80.7,2.65,126.1069032,7.372
1907638.58,76.53,2.64,126.0854516,7.372
2007050.75,78.08,2.698,126.064,7.372
1997181.09,78.83,2.671,126.0766452,7.372
1848403.92,74.44,2.621,126.0892903,7.372
1935857.58,76.8,2.584,126.1019355,7.372
1865820.81,73.54,2.574,126.1145806,7.372
1899959.61,64.91,2.594,126.1454667,7.372
1810684.68,60.96,2.642,126.1900333,7.372
1842821.02,63.96,2.619,126.2346,7.127
1951494.85,67.73,2.645,126.2791667,7.127
1867345.09,62.03,2.732,126.3266774,7.127
1927610.06,64.17,2.736,126.3815484,7.127
1933333,56.94,2.718,126.4364194,7.127
2013115.79,51.6,2.699,126.4912903,7.127
1999794.26,52.65,2.741,126.5461613,7.127
2097809.4,48.05,2.78,126.6072,7.127
2789469.45,48.08,2.752,126.6692667,7.127
2102530.17,46.4,2.727,126.7313333,7.127
2302504.86,42.4,2.86,126.7934,7.127
2740057.14,46.57,2.884,126.8794839,7.127
3526713.39,43.21,2.887,126.9835806,7.127
1794868.74,38.09,2.955,127.0876774,7.127
1862476.27,39.34,2.98,127.1917742,6.51
1865502.46,31.6,2.992,127.3009355,6.51
1886393.94,38.34,3.017,127.4404839,6.51
1814240.85,40.6,3.022,127.5800323,6.51
2119086.04,34.61,2.996,127.7195806,6.51
2187847.29,33.29,3.033,127.859129,6.51
2316495.56,48.17,3.058,127.99525,6.51
2078094.69,49,3.087,128.13,6.51
2103455.75,46.56,3.305,128.26475,6.51
2039818.41,50.93,3.461,128.3995,6.51
2116475.38,51.86,3.495,128.5121935,6.51
1944164.32,59.1,3.48,128.6160645,6.51
1900246.47,56.99,3.521,128.7199355,5.946
2074953.46,62.61,3.605,128.8238065,5.946
1960587.76,62.34,3.724,128.9107333,5.946
2220600.76,68.8,3.781,128.9553,5.946
1878167.44,64.22,3.781,128.9998667,5.946
2063682.76,63.41,3.866,129.0444333,5.946
2002362.37,70.65,3.872,129.089,5.946
2015563.48,70.49,3.881,129.0756774,5.946
1986597.95,73.65,3.771,129.0623548,5.946
2065377.15,78.26,3.683,129.0490323,5.946
2073951.38,80.05,3.64,129.0357097,5.946
2141210.62,83.51,3.618,129.0432,5.946
2008344.92,81.85,3.57,129.0663,5.946
2051533.53,84.54,3.504,129.0894,5.644
2066541.86,84.59,3.469,129.1125,5.644
2049046.95,83.27,3.563,129.1338387,5.644
2036231.39,82.84,3.627,129.1507742,5.644
1989674.07,84.36,3.659,129.1677097,5.644
2160057.39,86.09,3.662,129.1846452,5.644
2105668.74,82.98,3.617,129.2015806,5.644
2232892.1,82.77,3.55,129.2405806,5.644
1988490.21,81.47,3.523,129.2832581,5.644
2078420.31,77.99,3.533,129.3259355,5.644
2093139.01,73.34,3.554,129.3686129,5.644
2075577.33,72.76,3.532,129.4306,5.644
2031406.41,69.23,3.473,129.5183333,5.644
1929486.63,72.15,3.371,129.6060667,5.644
2166737.65,65.79,3.299,129.6938,5.143
2074548.85,63.75,3.283,129.7706452,5.143
2207742.13,64.79,3.361,129.7821613,5.143
2151659.59,55.31,3.362,129.7936774,5.143
2281217.31,49.86,3.322,129.8051935,5.143
2203028.96,47.12,3.286,129.8167097,5.143
2243946.59,50.44,3.294,129.8268333,5.143
3004702.33,47.96,3.225,129.8364,5.143
2180999.26,38.71,3.176,129.8459667,5.143
2508955.24,31.64,3.153,129.8555333,5.143
2771397.17,36.44,3.149,129.8980645,5.143
3676388.98,35.92,3.103,129.9845484,5.143
2007105.86,36.89,3.119,130.0710323,5.143
2047766.07,38.64,3.158,130.1575161,4.607
1941676.61,34.41,3.263,130.244,4.607
2005097.76,42.09,3.273,130.2792258,4.607
1928720.51,40.31,3.29,130.3144516,4.607
2173373.91,41.81,3.354,130.3496774,4.607
2374660.64,33,3.411,130.3849032,4.607
2427640.17,34.19,3.493,130.4546207,4.607
2226662.17,41.31,3.541,130.5502069,4.607
2206319.9,50.38,3.619,130.6457931,4.607
2202450.81,53.63,3.667,130.7413793,4.607
2214967.44,59.81,3.707,130.8261935,4.607
2091592.54,59.07,3.759,130.8966452,4.607
2089381.77,72.63,3.82,130.9670968,4.607
2470206.13,67.69,3.864,131.0375484,4.308
2105301.39,68.69,3.881,131.108,4.308
2144336.89,68.6,3.864,131.1173333,4.308
2064065.66,76.47,3.81,131.1266667,4.308
2196968.33,80.14,3.747,131.136,4.308
2127661.17,67.64,3.685,131.1453333,4.308
2207214.81,68.43,3.62,131.0983226,4.308
2154137.67,77.47,3.551,131.0287742,4.308
2179360.94,77.41,3.483,130.9592258,4.308
2245257.18,78.11,3.433,130.8896774,4.308
2234190.93,80.94,3.372,130.8295333,4.308
2197299.65,81.63,3.329,130.7929,4.308
2128362.92,84.23,3.257,130.7562667,4.308
2224499.28,80.37,3.187,130.7196333,4.077
2100252.61,76.86,3.224,130.683,4.077
2175563.69,79.14,3.263,130.7012903,4.077
2048613.65,81.06,3.356,130.7195806,4.077
2174514.13,83.86,3.374,130.737871,4.077
2193367.69,83.21,3.476,130.7561613,4.077
2283540.3,81.41,3.552,130.7909677,4.077
2125241.68,75.76,3.61,130.8381613,4.077
2081181.35,76.47,3.646,130.8853548,4.077
2125104.72,82.09,3.709,130.9325484,4.077
2117854.6,68.2,3.706,130.9776667,4.077
2119438.53,68.97,3.721,131.0103333,4.077
2027620.23,71.74,3.666,131.043,4.077
2209835.43,63.07,3.62,131.0756667,3.879
2133026.07,57.11,3.603,131.1083333,3.879
2097266.85,64.46,3.61,131.1499677,3.879
2149594.46,63.64,3.514,131.1930968,3.879
317173.1,39.7,2.572,211.6539716,6.566
311825.7,39.81,2.548,211.8004698,6.566
303447.57,41.14,2.514,211.8471283,6.566
270281.63,46.7,2.561,211.8771468,6.566
288855.71,48.89,2.625,211.9071653,6.566
297293.59,58.5,2.667,211.9371839,6.566
281706.41,55.46,2.72,211.770897,6.566
273282.97,52.47,2.732,211.5718925,6.566
331406,63.18,2.719,211.372888,6.465
328020.49,65.19,2.77,211.1738835,6.465
306858.69,65.3,2.808,211.0388528,6.465
288839.73,65.13,2.795,210.9891204,6.465
298697.84,67.53,2.78,210.939388,6.465
333522.6,71.53,2.835,210.8896556,6.465
296673.77,74.79,2.854,210.8872772,6.465
301615.49,75.2,2.826,211.169023,6.465
310013.11,79.81,2.759,211.4507688,6.465
337825.89,79.54,2.705,211.7325146,6.465
296641.91,80.7,2.668,212.0142605,6.465
313795.6,83.91,2.637,212.0119769,6.465
295257.3,83.72,2.653,211.8960815,6.465
305993.27,81.25,2.669,211.7801861,6.496
291808.87,81.14,2.642,211.6642907,6.496
280701.7,83.98,2.623,211.6561123,6.496
274742.63,83.66,2.608,211.7915565,6.496
268929.03,82.46,2.64,211.9270006,6.496
303043.02,86.1,2.627,212.0624447,6.496
286477.35,87.41,2.692,212.1978889,6.496
287205.38,87.71,2.664,212.1608984,6.496
288519.75,87.05,2.619,212.123908,6.496
323798,84.06,2.577,212.0869176,6.496
306533.08,79.86,2.565,212.0499271,6.496
282558.65,82.28,2.582,212.0769346,6.496
293131.58,78.53,2.624,212.1519404,6.496
283178.12,71.1,2.603,212.2269463,6.768
290494.85,64.99,2.633,212.3019522,6.768
280681.2,68.11,2.72,212.3691867,6.768
284988.27,70.96,2.725,212.4169928,6.768
278031.81,70.58,2.716,212.464799,6.768
325310.3,58.88,2.689,212.5126051,6.768
301827.36,62.37,2.728,212.5604113,6.768
297384.81,52.52,2.771,212.445487,6.768
488362.61,66.15,2.735,212.303441,6.768
344490.88,51.31,2.708,212.1613951,6.768
352811.53,48.27,2.843,212.0193491,6.768
367801.19,51.61,2.869,211.9580815,6.768
466010.25,55.01,2.886,211.9573978,6.768
298180.18,49.79,2.943,211.9567142,6.768
286347.26,48.3,2.976,211.9560305,6.634
260636.71,37.74,2.983,212.008514,6.634
275313.34,45.41,3.016,212.3800012,6.634
279088.39,44.5,3.01,212.7514884,6.634
329613.2,41.67,2.989,213.1229755,6.634
311590.54,38.25,3.022,213.4944627,6.634
356622.61,58.83,3.045,213.8068304,6.634
294659.5,63.35,3.065,214.0955503,6.634
329033.66,60.35,3.288,214.3842702,6.634
293098.1,55.74,3.459,214.6729901,6.634
312177.67,64.31,3.488,214.9257339,6.634
294732.5,70.71,3.473,215.1640872,6.634
314316.55,61.5,3.524,215.4024406,6.489
307333.62,69.64,3.622,215.6407939,6.489
307913.58,72.02,3.743,215.8592673,6.489
328415.44,74.34,3.807,216.0280407,6.489
307291.56,74.75,3.81,216.1968142,6.489
322904.68,66.27,3.906,216.3655877,6.489
290930.01,77.38,3.899,216.5343611,6.489
299614.33,71.37,3.907,216.3023847,6.489
297149.69,80.14,3.786,216.0704083,6.489
329183.92,83.81,3.699,215.8384319,6.489
304984.14,83.61,3.648,215.6064555,6.489
304811.82,86.84,3.637,215.560463,6.489
302881.64,84.76,3.594,215.6539583,6.489
327093.89,85.81,3.524,215.7474537,6.529
310804.93,86.64,3.48,215.8409491,6.529
283248.62,88.64,3.575,215.9250696,6.529
292539.73,86.97,3.651,215.985753,6.529
275142.17,89.42,3.682,216.0464364,6.529
317738.56,91.07,3.684,216.1071198,6.529
289886.16,90.16,3.638,216.1678032,6.529
303643.84,89.35,3.554,216.2311855,6.529
310338.17,89.18,3.523,216.2950176,6.529
315645.53,90.38,3.533,216.3588498,6.529
321110.22,79.04,3.546,216.4226819,6.529
278529.71,83.55,3.526,216.6033083,6.529
291024.98,78.01,3.467,216.9396605,6.529
292315.38,81.16,3.355,217.2760127,6.529
309111.47,71.64,3.285,217.6123648,6.3
286117.72,72.36,3.274,217.9237458,6.3
306069.18,66.9,3.353,218.0852999,6.3
307035.11,69.27,3.372,218.2468539,6.3
353652.23,56.71,3.332,218.408408,6.3
311906.7,60.71,3.297,218.5699621,6.3
307944.37,64.33,3.308,218.793912,6.3
507900.07,61.93,3.236,219.0428204,6.3
376225.61,51.14,3.172,219.2917287,6.3
367433.77,44.12,3.158,219.540637,6.3
379530.3,54.42,3.159,219.7596266,6.3
458562.24,50.33,3.112,219.9387246,6.3
349624.88,45.62,3.129,220.1178226,6.3
312078.71,50.21,3.157,220.2969205,5.943
291454.52,48.86,3.261,220.4760185,5.943
287523.98,54.65,3.268,220.5694104,5.943
295974.22,54.63,3.29,220.6628023,5.943
333948,57.35,3.36,220.7561941,5.943
349239.88,48.57,3.409,220.849586,5.943
356427.98,48.25,3.51,221.0106341,5.943
312220.47,57.75,3.555,221.2224243,5.943
359206.21,60.66,3.63,221.4342146,5.943
347295.6,57.69,3.669,221.6460048,5.943
339392.54,63.55,3.734,221.7989713,5.943
321299.99,64.44,3.787,221.8735063,5.943
331318.73,67.76,3.845,221.9480412,5.943
402985.7,70.4,3.891,222.0225762,5.801
351832.03,70.56,3.891,222.0971111,5.801
330063.06,67.33,3.877,222.1512315,5.801
324839.74,68.96,3.814,222.2053519,5.801
360932.69,77.1,3.749,222.2594722,5.801
333870.52,73.45,3.688,222.3135926,5.801
336189.66,70.45,3.63,222.330443,5.801
341994.48,78.23,3.561,222.3323853,5.801
359867.8,79.72,3.501,222.3343277,5.801
341704.59,81.02,3.452,222.33627,5.801
327383.64,81.64,3.393,222.3492901,5.801
325041.68,80.57,3.346,222.3900046,5.801
329658.1,87.08,3.286,222.4307191,5.801
341214.43,82.35,3.227,222.4714336,5.603
316203.64,80.78,3.256,222.5121481,5.603
321205.12,81.05,3.311,222.5209358,5.603
306827.36,85.06,3.407,222.5297234,5.603
324195.17,86.91,3.417,222.5385111,5.603
306759.7,86.96,3.494,222.5472987,5.603
314014.18,87.52,3.571,222.6276753,5.603
320831.36,79.45,3.62,222.7617437,5.603
344642.01,84.25,3.638,222.8958121,5.603
350648.91,86.3,3.73,223.0298805,5.603
299800.67,76.65,3.717,223.1734167,5.603
307306.76,71.09,3.721,223.3737593,5.603
310141.68,78.33,3.666,223.5741019,5.603
343048.29,71.17,3.617,223.7744444,5.422
325345.41,66.24,3.601,223.974787,5.422
313358.15,69.17,3.594,224.0192873,5.422
319550.77,71.7,3.506,224.0378139,5.422
1652635.1,40.43,2.572,212.6223518,7.259
1606283.86,40.57,2.548,212.7700425,7.259
1567138.07,43.58,2.514,212.8161546,7.259
1432953.21,47.1,2.561,212.845337,7.259
1601348.82,49.63,2.625,212.8745193,7.259
1558621.36,58.82,2.667,212.9037017,7.259
1693058.91,56.55,2.72,212.7351935,7.259
1472033.38,53.74,2.732,212.533737,7.259
1770333.9,64.94,2.719,212.3322805,7.092
1667181.82,66.15,2.77,212.1308239,7.092
1519846.36,65.68,2.808,211.9942765,7.092
1540435.99,64.11,2.795,211.9442745,7.092
1498080.16,68.91,2.78,211.8942725,7.092
1619920.04,73.68,2.835,211.8442706,7.092
1524059.4,74.95,2.854,211.8421769,7.092
1531938.44,74.8,2.826,212.1275324,7.092
1644470.66,78.89,2.759,212.412888,7.092
1857380.09,79.44,2.705,212.6982436,7.092
1685652.35,81.81,2.668,212.9835992,7.092
1677248.24,83.89,2.637,212.9813843,7.092
1640681.88,84.2,2.653,212.8641412,7.092
1759777.25,80.34,2.669,212.746898,6.973
1690317.99,80.93,2.642,212.6296549,6.973
1560120.8,83.75,2.623,212.6212163,6.973
1585240.92,83.9,2.608,212.7578505,6.973
1532308.78,81.37,2.64,212.8944846,6.973
1633241.59,86.61,2.627,213.0311188,6.973
1547654.98,86.83,2.692,213.1677529,6.973
1539930.5,87.36,2.664,213.1291427,6.973
1450766.12,85.71,2.619,213.0905324,6.973
1510925.32,82.15,2.577,213.0519222,6.973
1424225.44,78.78,2.565,213.013312,6.973
1308537.75,81.78,2.582,213.0398643,6.973
1275591.84,76.49,2.624,213.1152886,6.973
1328468.89,70.69,2.603,213.1907129,7.007
1360317.9,65.21,2.633,213.2661373,7.007
1344580.92,68.93,2.72,213.3337977,7.007
1332716.53,70.97,2.725,213.3820486,7.007
1385323.7,70.39,2.716,213.4302994,7.007
1505442.15,59.9,2.689,213.4785503,7.007
1495536.46,62.11,2.728,213.5268011,7.007
1518841.45,52.99,2.771,213.4107412,7.007
2267452.4,65.79,2.735,213.2672961,7.007
1677067.24,52.3,2.708,213.123851,7.007
1834737.58,48.46,2.843,212.9804059,7.007
2090268.95,52.24,2.869,212.918049,7.007
2727575.18,55.07,2.886,212.9165082,7.007
1464050.02,49.14,2.943,212.9149674,7.007
1350441.68,47.78,2.976,212.9134266,6.858
1306194.55,38.37,2.983,212.9655882,6.858
1261253.18,46.2,3.016,213.3399647,6.858
1287034.7,44.98,3.01,213.7143412,6.858
1514999.17,40.59,2.989,214.0887176,6.858
1486920.17,39.38,3.022,214.4630941,6.858
1572117.54,59.61,3.045,214.7775231,6.858
1422600.43,62.86,3.065,215.0679731,6.858
1502617.99,60.45,3.288,215.3584231,6.858
1494497.39,57.71,3.459,215.6488731,6.858
1685375.47,65.07,3.488,215.9035078,6.858
1438465.81,70.83,3.473,216.1438163,6.858
1459276.77,62.25,3.524,216.3841249,6.855
1534594,70.35,3.622,216.6244334,6.855
1448797.02,73.17,3.743,216.8446627,6.855
1639358.93,74.24,3.807,217.0146941,6.855
1479249.9,75.27,3.81,217.1847255,6.855
1504651.57,65.42,3.906,217.3547569,6.855
1453185.65,76.95,3.899,217.5247882,6.855
1382783.83,72.01,3.907,217.2896095,6.855
1523979.11,80.83,3.786,217.0544307,6.855
1705506.29,84.01,3.699,216.819252,6.855
1598643.65,84.49,3.648,216.5840732,6.855
1622150.33,87.08,3.637,216.5371616,6.855
1543365.9,85.51,3.594,216.6314502,6.855
1694551.15,87,3.524,216.7257388,6.925
1709373.62,88.36,3.48,216.8200275,6.925
1526801.24,88.93,3.575,216.9044732,6.925
1526506.08,88.06,3.651,216.964312,6.925
1483991.05,90.22,3.682,217.0241507,6.925
1601584.57,91.46,3.684,217.0839894,6.925
1484995.38,90.49,3.638,217.1438281,6.925
1493544.04,89.26,3.554,217.2069662,6.925
1420405.41,90.07,3.523,217.2706543,6.925
1481618.74,91.22,3.533,217.3343423,6.925
1483574.38,80.21,3.546,217.3980304,6.925
1351407.79,84.94,3.526,217.5797506,6.925
1336044.75,78.49,3.467,217.9188471,6.925
1307551.92,82.51,3.355,218.2579435,6.925
1481739.2,74.1,3.285,218.59704,6.551
1386520.99,71.24,3.274,218.9109844,6.551
1417922.37,68.53,3.353,219.0740167,6.551
1419445.12,69.51,3.372,219.237049,6.551
1523420.38,58.54,3.332,219.4000812,6.551
1536176.54,61.33,3.297,219.5631135,6.551
1524390.07,63.89,3.308,219.7897137,6.551
2249811.55,62.78,3.236,220.0417412,6.551
1688531.34,51.18,3.172,220.2937686,6.551
1903385.14,43.64,3.158,220.5457961,6.551
2034695.56,53.27,3.159,220.7671856,6.551
2644633.02,49.45,3.112,220.9477245,6.551
1598080.52,46.8,3.129,221.1282634,6.551
1395339.71,50.82,3.157,221.3088023,6.132
1344243.17,48.33,3.261,221.4893412,6.132
1326255.7,55.37,3.268,221.5831306,6.132
1315610.66,53.95,3.29,221.6769199,6.132
1496305.78,57.45,3.36,221.7707093,6.132
1620603.92,48.58,3.409,221.8644987,6.132
1632616.09,49.03,3.51,222.026359,6.132
1465187.71,59.17,3.555,222.2392726,6.132
1550385.65,60.32,3.63,222.4521862,6.132
1569304.4,57.89,3.669,222.6650998,6.132
1748010.29,62.8,3.734,222.8186603,6.132
1495143.62,63.71,3.787,222.8930835,6.132
1508933.26,67.91,3.845,222.9675066,6.132
1840131.19,71.6,3.891,223.0419298,5.964
1616394.45,71.29,3.891,223.1163529,5.964
1456073.24,68.64,3.877,223.17092,5.964
1456221.1,71.5,3.814,223.2254871,5.964
1543461.12,77.66,3.749,223.2800541,5.964
1517075.67,72.66,3.688,223.3346212,5.964
1513635.64,70.5,3.63,223.3511928,5.964
1603793.42,78.47,3.561,223.3525662,5.964
1681121.38,80.39,3.501,223.3539397,5.964
1696619.52,80.5,3.452,223.3553131,5.964
1642247.48,82.1,3.393,223.3680933,5.964
1618272.25,81.2,3.346,223.4093906,5.964
1648863.46,87.35,3.286,223.4506878,5.964
1876359.39,82.95,3.227,223.4919851,5.668
1588142.26,80.27,3.256,223.5332824,5.668
1574361.97,81.57,3.311,223.5424501,5.668
1513229.16,85.78,3.407,223.5516178,5.668
1627274.93,87.55,3.417,223.5607856,5.668
1588380.73,87.04,3.494,223.5699533,5.668
1543049.52,87.53,3.571,223.6510224,5.668
1501095.49,79.03,3.62,223.7860175,5.668
1577439.81,83.58,3.638,223.9210125,5.668
1608077.01,86.33,3.73,224.0560076,5.668
1375166.86,76.41,3.717,224.2004678,5.668
1425603.65,70.81,3.721,224.4017192,5.668
1369131.46,77.82,3.666,224.6029706,5.668
1518177.71,70.84,3.617,224.804222,5.329
1459396.84,65.43,3.601,225.0054733,5.329
1436883.99,69.68,3.594,225.0501013,5.329
1431426.34,72.34,3.506,225.0686254,5.329
496725.44,10.53,2.58,189.3816974,9.014
524104.92,25.9,2.572,189.4642725,9.014
506760.54,27.28,2.55,189.5340998,9.014
496083.24,24.91,2.586,189.6018023,9.014
491419.55,35.86,2.62,189.6695049,9.014
480452.1,27.25,2.684,189.7372075,9.014
574450.23,29.04,2.692,189.734262,9.014
514731.6,23.33,2.717,189.7195417,9.014
561145.14,38.26,2.725,189.7048215,8.963
484263.25,33.79,2.75,189.6901012,8.963
406228.19,41.89,2.765,189.6628845,8.963
404751.25,43.07,2.776,189.6190057,8.963
373655.61,38.99,2.766,189.575127,8.963
395453.83,40.07,2.771,189.5312483,8.963
372673.61,41.41,2.788,189.4904116,8.963
395195.65,46.6,2.776,189.467827,8.963
442734.55,54.24,2.737,189.4452425,8.963
509183.22,53.63,2.7,189.422658,8.963
498580.87,63.59,2.684,189.4000734,8.963
481144.09,52.7,2.674,189.4185259,8.963
553714.87,59.94,2.715,189.4533931,8.963
575570.77,61.31,2.728,189.4882603,9.017
593462.34,58,2.711,189.5231276,9.017
557166.35,62.19,2.699,189.6125456,9.017
570231.21,64.64,2.691,189.774698,9.017
603547.16,66.07,2.69,189.9368504,9.017
643854.17,61.7,2.69,190.0990028,9.017
598185.4,60.13,2.723,190.2611552,9.017
582353.17,59.59,2.732,190.2948237,9.017
554309.24,57.57,2.731,190.3284922,9.017
532765.05,49.84,2.773,190.3621607,9.017
535769.32,48.5,2.78,190.3958293,9.017
489408.53,48.56,2.8,190.4688287,9.017
488008.83,47.55,2.793,190.5713264,9.017
448998.73,49.99,2.759,190.6738241,9.137
480239.88,44.13,2.745,190.7763218,9.137
463370.48,35.86,2.762,190.8623087,9.137
472450.81,36.84,2.762,190.9070184,9.137
465493.15,34.78,2.748,190.951728,9.137
480512.44,49.44,2.729,190.9964377,9.137
507584.29,22.12,2.737,191.0411474,9.137
482528.36,25.56,2.758,191.0312172,9.137
835189.26,17.95,2.742,191.0121805,9.137
552811.62,21.88,2.712,190.9931437,9.137
599730.07,24.24,2.728,190.9741069,9.137
716388.81,20.74,2.778,191.0303376,9.137
1045124.88,26.04,2.781,191.1430189,9.137
729572.08,13.76,2.829,191.2557002,9.137
661163.94,10.09,2.882,191.3683815,8.818
547384.9,11.32,2.911,191.4784939,8.818
521539.46,25.4,2.973,191.5731924,8.818
513372.17,10.11,3.008,191.667891,8.818
558027.77,-2.06,3.011,191.7625895,8.818
559903.13,10.24,3.037,191.8572881,8.818
572387.47,17.3,3.051,191.9178331,8.818
546690.84,17.46,3.101,191.9647167,8.818
551378.39,21.84,3.232,192.0116004,8.818
558963.83,20.7,3.372,192.058484,8.818
635014.69,27.69,3.406,192.1237981,8.818
559061.58,25.69,3.414,192.1964844,8.818
513409.67,24.83,3.461,192.2691707,8.595
500552.16,30.64,3.532,192.3418571,8.595
423380.14,27.79,3.611,192.4225954,8.595
466594.89,31.84,3.636,192.5234638,8.595
410429.73,26.79,3.663,192.6243322,8.595
407012.47,26.54,3.735,192.7252006,8.595
414094.05,36.61,3.767,192.826069,8.595
424670.98,36.16,3.828,192.831317,8.595
457216.87,37.51,3.795,192.8365651,8.595
542295.37,45.77,3.763,192.8418131,8.595
621099.95,53.3,3.735,192.8470612,8.595
610991.35,48.79,3.697,192.9034759,8.595
640043.97,46.85,3.661,192.9982655,8.595
704344.21,58.54,3.597,193.0930552,8.622
761793.94,59.08,3.54,193.1878448,8.622
642748.21,54.37,3.532,193.3125484,8.622
688043.96,56.22,3.545,193.5120367,8.622
653382.62,56.66,3.547,193.711525,8.622
695392.84,55.91,3.554,193.9110133,8.622
670670.46,54.56,3.542,194.1105017,8.622
645156.21,56.06,3.499,194.2500634,8.622
629994.47,57.6,3.485,194.3796374,8.622
592355.24,53.4,3.511,194.5092113,8.622
613135.23,45.61,3.566,194.6387853,8.622
558981.45,43.67,3.596,194.7419707,8.622
536144.81,43.67,3.581,194.8099713,8.622
488880.26,47.34,3.538,194.8779718,8.622
525866.36,40.65,3.498,194.9459724,8.513
501959.19,32.65,3.491,195.0261012,8.513
558691.43,37.49,3.548,195.1789994,8.513
527339.52,28.82,3.55,195.3318977,8.513
564536.01,23.41,3.527,195.4847959,8.513
556015.59,19.53,3.505,195.6376941,8.513
539826.56,29.53,3.479,195.7184713,8.513
949075.87,27.6,3.424,195.7704,8.513
591907.88,20.38,3.378,195.8223287,8.513
653845.45,11.17,3.331,195.8742575,8.513
720242.19,15.2,3.266,195.9841685,8.513
1059715.27,12.19,3.173,196.1713893,8.513
815915.52,15.56,3.119,196.3586101,8.513
713117.66,18.67,3.095,196.5458309,8.256
593875.46,7.46,3.077,196.7330517,8.256
578002.85,27.41,3.055,196.7796652,8.256
541037.98,26.9,3.038,196.8262786,8.256
580453.32,22.2,3.031,196.8728921,8.256
563460.77,18.79,3.103,196.9195056,8.256
620908.18,27.03,3.113,196.9432711,8.256
603041.14,24.41,3.129,196.9499007,8.256
551058.13,21.64,3.191,196.9565303,8.256
579166.5,30.1,3.286,196.9631599,8.256
669205.73,37.29,3.486,197.0457208,8.256
615997.29,35.06,3.664,197.2295234,8.256
583322.2,44.99,3.75,197.4133259,8.256
621425.98,44.29,3.854,197.5971285,8.09
517420.23,41.43,3.901,197.780931,8.09
457340.06,39.3,3.936,197.7227385,8.09
467827.75,51.49,3.927,197.664546,8.09
465198.89,45.38,3.903,197.6063534,8.09
460397.41,48.54,3.87,197.5481609,8.09
468428.3,49.41,3.837,197.5553137,8.09
532739.77,50.6,3.804,197.5886046,8.09
598495.02,55.06,3.764,197.6218954,8.09
642963.75,63.07,3.741,197.6551863,8.09
666942.02,59.33,3.723,197.692292,8.09
687344.68,63.69,3.735,197.7389345,8.09
704335.41,68.84,3.693,197.785577,8.09
805642.61,64.67,3.646,197.8322195,7.872
694150.89,64.21,3.613,197.8788621,7.872
686345.69,62.87,3.585,197.9290378,7.872
686365.4,64.6,3.57,197.9792136,7.872
680954.81,61.83,3.528,198.0293893,7.872
675926.3,63.41,3.509,198.0795651,7.872
642450.4,59.66,3.545,198.1001057,7.872
609099.37,59.27,3.558,198.0984199,7.872
586467.16,60.46,3.556,198.0967341,7.872
597876.55,57.84,3.596,198.0950484,7.872
541120.2,53.66,3.659,198.1267184,7.872
530842.25,51.77,3.765,198.358523,7.872
525545.76,50.64,3.789,198.5903276,7.872
505830.56,48.43,3.779,198.8221322,7.557
503463.93,41.43,3.76,199.0539368,7.557
516424.83,43.01,3.75,199.1481963,7.557
495543.28,42.53,3.686,199.2195317,7.557
1004137.09,34.14,2.572,214.4714512,6.299
994801.4,33.34,2.548,214.6214189,6.299
963960.37,39.1,2.514,214.6664878,6.299
847592.11,37.91,2.561,214.6940735,6.299
881503.95,45.64,2.625,214.7216592,6.299
860336.16,49.76,2.667,214.7492449,6.299
839911,47.26,2.72,214.5764954,6.299
772539.12,46.51,2.732,214.3703567,6.299
914500.91,60.18,2.719,214.164218,6.29
916033.92,59.25,2.77,213.9580793,6.29
882917.12,62.66,2.808,213.8186357,6.29
850440.26,56.1,2.795,213.768119,6.29
778672.64,61.01,2.78,213.7176024,6.29
916820.96,62.68,2.835,213.6670857,6.29
873337.84,61.35,2.854,213.6655355,6.29
818333.21,66.03,2.826,213.9577839,6.29
868041.56,74.71,2.759,214.2500323,6.29
958225.41,75.71,2.705,214.5422806,6.29
914835.86,82.21,2.668,214.834529,6.29
869922.56,78.79,2.637,214.8324452,6.29
814919.11,81.78,2.653,214.7126286,6.29
852333.75,74.78,2.669,214.5928119,6.315
845289.77,72.49,2.642,214.4729952,6.315
848630.57,77.49,2.623,214.4640599,6.315
785515.88,78.29,2.608,214.6029664,6.315
787295.09,76.02,2.64,214.7418728,6.315
893399.77,80.37,2.627,214.8807793,6.315
867919.21,80.11,2.692,215.0196857,6.315
870676.44,79.36,2.664,214.9779825,6.315
888816.78,74.92,2.619,214.9362793,6.315
899036.47,76.14,2.577,214.894576,6.315
